soc_code,soc_code_long,occupation,job_zone,slug,Data-level
13-2011,13-2011.00,Accountants and Auditors,4,accountants-and-auditors,Y
27-2011,27-2011.00,Actors,2,actors,Y
15-2011,15-2011.00,Actuaries,4,actuaries,Y
29-1291,29-1291.00,Acupuncturists,5,acupuncturists,Y
29-1141,29-1141.01,Acute Care Nurses,4,acute-care-nurses,Y
25-2059,25-2059.01,Adapted Physical Education Specialists,5,adapted-physical-education-specialists,Y
51-9191,51-9191.00,Adhesive Bonding Machine Operators and Tenders,2,adhesive-bonding-machine-operators-and-tenders,Y
23-1021,23-1021.00,"Administrative Law Judges, Adjudicators, and Hearing Officers",5,administrative-law-judges-adjudicators-and-hearing-officers,Y
11-3012,11-3012.00,Administrative Services Managers,3,administrative-services-managers,Y
25-3011,25-3011.00,"Adult Basic Education, Adult Secondary Education, and English as a Second Language Instructors",4,adult-basic-education-adult-secondary-education-and-english-as-a-second-language-instructors,Y
29-1141,29-1141.02,Advanced Practice Psychiatric Nurses,5,advanced-practice-psychiatric-nurses,Y
11-2011,11-2011.00,Advertising and Promotions Managers,4,advertising-and-promotions-managers,Y
41-3011,41-3011.00,Advertising Sales Agents,4,advertising-sales-agents,Y
17-3021,17-3021.00,Aerospace Engineering and Operations Technologists and Technicians,3,aerospace-engineering-and-operations-technologists-and-technicians,Y
17-2011,17-2011.00,Aerospace Engineers,4,aerospace-engineers,Y
13-1011,13-1011.00,"Agents and Business Managers of Artists, Performers, and Athletes",4,agents-and-business-managers-of-artists-performers-and-athletes,Y
17-2021,17-2021.00,Agricultural Engineers,4,agricultural-engineers,Y
45-2091,45-2091.00,Agricultural Equipment Operators,1,agricultural-equipment-operators,Y
45-2011,45-2011.00,Agricultural Inspectors,2,agricultural-inspectors,Y
25-1041,25-1041.00,"Agricultural Sciences Teachers, Postsecondary",5,agricultural-sciences-teachers-postsecondary,Y
19-4012,19-4012.00,Agricultural Technicians,3,agricultural-technicians,Y
45-2099,45-2099.00,"Agricultural Workers, All Other",,agricultural-workers-all-other,
55-3011,55-3011.00,Air Crew Members,,air-crew-members,
55-1011,55-1011.00,Air Crew Officers,,air-crew-officers,
53-2021,53-2021.00,Air Traffic Controllers,3,air-traffic-controllers,Y
53-1041,53-1041.00,Aircraft Cargo Handling Supervisors,2,aircraft-cargo-handling-supervisors,Y
55-1012,55-1012.00,Aircraft Launch and Recovery Officers,,aircraft-launch-and-recovery-officers,
55-3012,55-3012.00,Aircraft Launch and Recovery Specialists,,aircraft-launch-and-recovery-specialists,
49-3011,49-3011.00,Aircraft Mechanics and Service Technicians,3,aircraft-mechanics-and-service-technicians,Y
53-6032,53-6032.00,Aircraft Service Attendants,2,aircraft-service-attendants,Y
51-2011,51-2011.00,"Aircraft Structure, Surfaces, Rigging, and Systems Assemblers",2,aircraft-structure-surfaces-rigging-and-systems-assemblers,Y
53-2022,53-2022.00,Airfield Operations Specialists,3,airfield-operations-specialists,Y
53-2011,53-2011.00,"Airline Pilots, Copilots, and Flight Engineers",4,airline-pilots-copilots-and-flight-engineers,Y
29-1229,29-1229.01,Allergists and Immunologists,5,allergists-and-immunologists,Y
53-3011,53-3011.00,"Ambulance Drivers and Attendants, Except Emergency Medical Technicians",2,ambulance-drivers-and-attendants-except-emergency-medical-technicians,Y
39-3091,39-3091.00,Amusement and Recreation Attendants,1,amusement-and-recreation-attendants,Y
29-1071,29-1071.01,Anesthesiologist Assistants,5,anesthesiologist-assistants,Y
29-1211,29-1211.00,Anesthesiologists,5,anesthesiologists,Y
45-2021,45-2021.00,Animal Breeders,2,animal-breeders,Y
39-2021,39-2021.00,Animal Caretakers,2,animal-caretakers,Y
33-9011,33-9011.00,Animal Control Workers,2,animal-control-workers,Y
19-1011,19-1011.00,Animal Scientists,5,animal-scientists,Y
39-2011,39-2011.00,Animal Trainers,2,animal-trainers,Y
19-3091,19-3091.00,Anthropologists and Archeologists,5,anthropologists-and-archeologists,Y
25-1061,25-1061.00,"Anthropology and Archeology Teachers, Postsecondary",5,anthropology-and-archeology-teachers-postsecondary,Y
13-2023,13-2023.00,Appraisers and Assessors of Real Estate,4,appraisers-and-assessors-of-real-estate,Y
13-2022,13-2022.00,Appraisers of Personal and Business Property,4,appraisers-of-personal-and-business-property,Y
23-1022,23-1022.00,"Arbitrators, Mediators, and Conciliators",5,arbitrators-mediators-and-conciliators,Y
17-1011,17-1011.00,"Architects, Except Landscape and Naval",5,architects-except-landscape-and-naval,Y
17-3011,17-3011.00,Architectural and Civil Drafters,3,architectural-and-civil-drafters,Y
11-9041,11-9041.00,Architectural and Engineering Managers,5,architectural-and-engineering-managers,Y
25-1031,25-1031.00,"Architecture Teachers, Postsecondary",5,architecture-teachers-postsecondary,Y
25-4011,25-4011.00,Archivists,5,archivists,Y
25-1062,25-1062.00,"Area, Ethnic, and Cultural Studies Teachers, Postsecondary",5,area-ethnic-and-cultural-studies-teachers-postsecondary,Y
55-3013,55-3013.00,Armored Assault Vehicle Crew Members,,armored-assault-vehicle-crew-members,
55-1013,55-1013.00,Armored Assault Vehicle Officers,,armored-assault-vehicle-officers,
27-1011,27-1011.00,Art Directors,4,art-directors,Y
29-1129,29-1129.01,Art Therapists,5,art-therapists,Y
25-1121,25-1121.00,"Art, Drama, and Music Teachers, Postsecondary",5,art-drama-and-music-teachers-postsecondary,Y
55-3014,55-3014.00,Artillery and Missile Crew Members,,artillery-and-missile-crew-members,
55-1014,55-1014.00,Artillery and Missile Officers,,artillery-and-missile-officers,
27-1019,27-1019.00,"Artists and Related Workers, All Other",,artists-and-related-workers-all-other,
51-2099,51-2099.00,"Assemblers and Fabricators, All Other",,assemblers-and-fabricators-all-other,
19-2011,19-2011.00,Astronomers,5,astronomers,Y
27-2021,27-2021.00,Athletes and Sports Competitors,2,athletes-and-sports-competitors,Y
29-9091,29-9091.00,Athletic Trainers,5,athletic-trainers,Y
19-2021,19-2021.00,Atmospheric and Space Scientists,4,atmospheric-and-space-scientists,Y
25-1051,25-1051.00,"Atmospheric, Earth, Marine, and Space Sciences Teachers, Postsecondary",5,atmospheric-earth-marine-and-space-sciences-teachers-postsecondary,Y
27-4011,27-4011.00,Audio and Video Technicians,3,audio-and-video-technicians,Y
29-1181,29-1181.00,Audiologists,5,audiologists,Y
49-2097,49-2097.00,Audiovisual Equipment Installers and Repairers,3,audiovisual-equipment-installers-and-repairers,Y
53-6031,53-6031.00,Automotive and Watercraft Service Attendants,2,automotive-and-watercraft-service-attendants,Y
49-3021,49-3021.00,Automotive Body and Related Repairers,2,automotive-body-and-related-repairers,Y
17-3027,17-3027.01,Automotive Engineering Technicians,3,automotive-engineering-technicians,Y
17-2141,17-2141.02,Automotive Engineers,4,automotive-engineers,Y
49-3022,49-3022.00,Automotive Glass Installers and Repairers,2,automotive-glass-installers-and-repairers,Y
49-3023,49-3023.00,Automotive Service Technicians and Mechanics,3,automotive-service-technicians-and-mechanics,Y
53-6051,53-6051.01,Aviation Inspectors,3,aviation-inspectors,Y
49-2091,49-2091.00,Avionics Technicians,3,avionics-technicians,Y
39-6011,39-6011.00,Baggage Porters and Bellhops,2,baggage-porters-and-bellhops,Y
33-3011,33-3011.00,Bailiffs,3,bailiffs,Y
51-3011,51-3011.00,Bakers,2,bakers,Y
39-5011,39-5011.00,Barbers,3,barbers,Y
35-3023,35-3023.01,Baristas,1,baristas,Y
35-3011,35-3011.00,Bartenders,2,bartenders,Y
49-3091,49-3091.00,Bicycle Repairers,2,bicycle-repairers,Y
43-3011,43-3011.00,Bill and Account Collectors,2,bill-and-account-collectors,Y
43-3021,43-3021.00,Billing and Posting Clerks,3,billing-and-posting-clerks,Y
19-1021,19-1021.00,Biochemists and Biophysicists,5,biochemists-and-biophysicists,Y
17-2031,17-2031.00,Bioengineers and Biomedical Engineers,4,bioengineers-and-biomedical-engineers,Y
51-8099,51-8099.01,Biofuels Processing Technicians,2,biofuels-processing-technicians,Y
11-3051,11-3051.03,Biofuels Production Managers,4,biofuels-production-managers,Y
11-9041,11-9041.01,Biofuels/Biodiesel Technology and Product Development Managers,4,biofuels-biodiesel-technology-and-product-development-managers,Y
19-1029,19-1029.01,Bioinformatics Scientists,5,bioinformatics-scientists,Y
15-2099,15-2099.01,Bioinformatics Technicians,4,bioinformatics-technicians,Y
25-1042,25-1042.00,"Biological Science Teachers, Postsecondary",5,biological-science-teachers-postsecondary,Y
19-1029,19-1029.00,"Biological Scientists, All Other",,biological-scientists-all-other,
19-4021,19-4021.00,Biological Technicians,4,biological-technicians,Y
19-1029,19-1029.04,Biologists,5,biologists,Y
51-8013,51-8013.03,Biomass Plant Technicians,2,biomass-plant-technicians,Y
11-3051,11-3051.04,Biomass Power Plant Managers,4,biomass-power-plant-managers,Y
15-2041,15-2041.01,Biostatisticians,5,biostatisticians,Y
15-1299,15-1299.07,Blockchain Engineers,4,blockchain-engineers,Y
47-2011,47-2011.00,Boilermakers,2,boilermakers,Y
43-3031,43-3031.00,"Bookkeeping, Accounting, and Auditing Clerks",3,bookkeeping-accounting-and-auditing-clerks,Y
47-2021,47-2021.00,Brickmasons and Blockmasons,2,brickmasons-and-blockmasons,Y
53-6011,53-6011.00,Bridge and Lock Tenders,2,bridge-and-lock-tenders,Y
27-3011,27-3011.00,Broadcast Announcers and Radio Disc Jockeys,4,broadcast-announcers-and-radio-disc-jockeys,Y
27-4012,27-4012.00,Broadcast Technicians,3,broadcast-technicians,Y
43-4011,43-4011.00,Brokerage Clerks,3,brokerage-clerks,Y
11-9199,11-9199.11,Brownfield Redevelopment Specialists and Site Managers,4,brownfield-redevelopment-specialists-and-site-managers,Y
13-2031,13-2031.00,Budget Analysts,4,budget-analysts,Y
37-2019,37-2019.00,"Building Cleaning Workers, All Other",,building-cleaning-workers-all-other,
49-3031,49-3031.00,Bus and Truck Mechanics and Diesel Engine Specialists,3,bus-and-truck-mechanics-and-diesel-engine-specialists,Y
53-3051,53-3051.00,"Bus Drivers, School",2,bus-drivers-school,Y
53-3052,53-3052.00,"Bus Drivers, Transit and Intercity",2,bus-drivers-transit-and-intercity,Y
13-1199,13-1199.04,Business Continuity Planners,4,business-continuity-planners,Y
15-2051,15-2051.01,Business Intelligence Analysts,4,business-intelligence-analysts,Y
13-1199,13-1199.00,"Business Operations Specialists, All Other",,business-operations-specialists-all-other,
25-1011,25-1011.00,"Business Teachers, Postsecondary",5,business-teachers-postsecondary,Y
51-3021,51-3021.00,Butchers and Meat Cutters,2,butchers-and-meat-cutters,Y
13-1021,13-1021.00,"Buyers and Purchasing Agents, Farm Products",4,buyers-and-purchasing-agents-farm-products,Y
51-7011,51-7011.00,Cabinetmakers and Bench Carpenters,2,cabinetmakers-and-bench-carpenters,Y
17-3028,17-3028.00,Calibration Technologists and Technicians,3,calibration-technologists-and-technicians,Y
49-9061,49-9061.00,Camera and Photographic Equipment Repairers,3,camera-and-photographic-equipment-repairers,Y
27-4031,27-4031.00,"Camera Operators, Television, Video, and Film",3,camera-operators-television-video-and-film,Y
53-5021,53-5021.00,"Captains, Mates, and Pilots of Water Vessels",3,captains-mates-and-pilots-of-water-vessels,Y
29-1212,29-1212.00,Cardiologists,5,cardiologists,Y
29-2031,29-2031.00,Cardiovascular Technologists and Technicians,3,cardiovascular-technologists-and-technicians,Y
25-2023,25-2023.00,"Career/Technical Education Teachers, Middle School",4,career-technical-education-teachers-middle-school,Y
25-1194,25-1194.00,"Career/Technical Education Teachers, Postsecondary",3,career-technical-education-teachers-postsecondary,Y
25-2032,25-2032.00,"Career/Technical Education Teachers, Secondary School",4,career-technical-education-teachers-secondary-school,Y
43-5011,43-5011.00,Cargo and Freight Agents,2,cargo-and-freight-agents,Y
47-2031,47-2031.00,Carpenters,2,carpenters,Y
47-2041,47-2041.00,Carpet Installers,2,carpet-installers,Y
17-1021,17-1021.00,Cartographers and Photogrammetrists,4,cartographers-and-photogrammetrists,Y
41-2011,41-2011.00,Cashiers,2,cashiers,Y
47-2051,47-2051.00,Cement Masons and Concrete Finishers,1,cement-masons-and-concrete-finishers,Y
35-1011,35-1011.00,Chefs and Head Cooks,3,chefs-and-head-cooks,Y
17-2041,17-2041.00,Chemical Engineers,4,chemical-engineers,Y
51-9011,51-9011.00,Chemical Equipment Operators and Tenders,2,chemical-equipment-operators-and-tenders,Y
51-8091,51-8091.00,Chemical Plant and System Operators,2,chemical-plant-and-system-operators,Y
19-4031,19-4031.00,Chemical Technicians,3,chemical-technicians,Y
25-1052,25-1052.00,"Chemistry Teachers, Postsecondary",5,chemistry-teachers-postsecondary,Y
19-2031,19-2031.00,Chemists,4,chemists,Y
11-1011,11-1011.00,Chief Executives,5,chief-executives,Y
11-1011,11-1011.03,Chief Sustainability Officers,5,chief-sustainability-officers,Y
21-1021,21-1021.00,"Child, Family, and School Social Workers",4,child-family-and-school-social-workers,Y
39-9011,39-9011.00,Childcare Workers,2,childcare-workers,Y
29-1011,29-1011.00,Chiropractors,5,chiropractors,Y
27-2032,27-2032.00,Choreographers,3,choreographers,Y
17-3022,17-3022.00,Civil Engineering Technologists and Technicians,3,civil-engineering-technologists-and-technicians,Y
17-2051,17-2051.00,Civil Engineers,4,civil-engineers,Y
13-1031,13-1031.00,"Claims Adjusters, Examiners, and Investigators",4,claims-adjusters-examiners-and-investigators,Y
53-7061,53-7061.00,Cleaners of Vehicles and Equipment,2,cleaners-of-vehicles-and-equipment,Y
51-9192,51-9192.00,"Cleaning, Washing, and Metal Pickling Equipment Operators and Tenders",2,cleaning-washing-and-metal-pickling-equipment-operators-and-tenders,Y
21-2011,21-2011.00,Clergy,5,clergy,Y
19-2041,19-2041.01,Climate Change Policy Analysts,5,climate-change-policy-analysts,Y
19-3033,19-3033.00,Clinical and Counseling Psychologists,5,clinical-and-counseling-psychologists,Y
15-2051,15-2051.02,Clinical Data Managers,4,clinical-data-managers,Y
19-3039,19-3039.03,Clinical Neuropsychologists,5,clinical-neuropsychologists,Y
29-1141,29-1141.04,Clinical Nurse Specialists,5,clinical-nurse-specialists,Y
11-9121,11-9121.01,Clinical Research Coordinators,4,clinical-research-coordinators,Y
27-2022,27-2022.00,Coaches and Scouts,4,coaches-and-scouts,Y
51-9124,51-9124.00,"Coating, Painting, and Spraying Machine Setters, Operators, and Tenders",2,coating-painting-and-spraying-machine-setters-operators-and-tenders,Y
51-2021,51-2021.00,"Coil Winders, Tapers, and Finishers",2,coil-winders-tapers-and-finishers,Y
49-9091,49-9091.00,"Coin, Vending, and Amusement Machine Servicers and Repairers",2,coin-vending-and-amusement-machine-servicers-and-repairers,Y
55-1015,55-1015.00,Command and Control Center Officers,,command-and-control-center-officers,
55-3015,55-3015.00,Command and Control Center Specialists,,command-and-control-center-specialists,
27-1021,27-1021.00,Commercial and Industrial Designers,4,commercial-and-industrial-designers,Y
49-9092,49-9092.00,Commercial Divers,3,commercial-divers,Y
53-2012,53-2012.00,Commercial Pilots,3,commercial-pilots,Y
43-2099,43-2099.00,"Communications Equipment Operators, All Other",,communications-equipment-operators-all-other,
25-1122,25-1122.00,"Communications Teachers, Postsecondary",5,communications-teachers-postsecondary,Y
21-1099,21-1099.00,"Community and Social Service Specialists, All Other",,community-and-social-service-specialists-all-other,
21-1094,21-1094.00,Community Health Workers,4,community-health-workers,Y
11-3111,11-3111.00,Compensation and Benefits Managers,4,compensation-and-benefits-managers,Y
13-1141,13-1141.00,"Compensation, Benefits, and Job Analysis Specialists",4,compensation-benefits-and-job-analysis-specialists,Y
11-9199,11-9199.02,Compliance Managers,4,compliance-managers,Y
13-1041,13-1041.00,Compliance Officers,4,compliance-officers,Y
15-1221,15-1221.00,Computer and Information Research Scientists,5,computer-and-information-research-scientists,Y
11-3021,11-3021.00,Computer and Information Systems Managers,4,computer-and-information-systems-managers,Y
17-2061,17-2061.00,Computer Hardware Engineers,4,computer-hardware-engineers,Y
15-1241,15-1241.00,Computer Network Architects,4,computer-network-architects,Y
15-1231,15-1231.00,Computer Network Support Specialists,4,computer-network-support-specialists,Y
51-9161,51-9161.00,Computer Numerically Controlled Tool Operators,2,computer-numerically-controlled-tool-operators,Y
51-9162,51-9162.00,Computer Numerically Controlled Tool Programmers,2,computer-numerically-controlled-tool-programmers,Y
15-1299,15-1299.00,"Computer Occupations, All Other",,computer-occupations-all-other,
15-1251,15-1251.00,Computer Programmers,4,computer-programmers,Y
25-1021,25-1021.00,"Computer Science Teachers, Postsecondary",5,computer-science-teachers-postsecondary,Y
15-1211,15-1211.00,Computer Systems Analysts,3,computer-systems-analysts,Y
15-1299,15-1299.08,Computer Systems Engineers/Architects,3,computer-systems-engineers-architects,Y
15-1232,15-1232.00,Computer User Support Specialists,3,computer-user-support-specialists,Y
49-2011,49-2011.00,"Computer, Automated Teller, and Office Machine Repairers",3,computer-automated-teller-and-office-machine-repairers,Y
39-6012,39-6012.00,Concierges,2,concierges,Y
19-1031,19-1031.00,Conservation Scientists,4,conservation-scientists,Y
47-4011,47-4011.00,Construction and Building Inspectors,3,construction-and-building-inspectors,Y
47-4099,47-4099.00,"Construction and Related Workers, All Other",,construction-and-related-workers-all-other,
47-2061,47-2061.00,Construction Laborers,2,construction-laborers,Y
11-9021,11-9021.00,Construction Managers,4,construction-managers,Y
47-5041,47-5041.00,Continuous Mining Machine Operators,2,continuous-mining-machine-operators,Y
49-9012,49-9012.00,"Control and Valve Installers and Repairers, Except Mechanical Door",3,control-and-valve-installers-and-repairers-except-mechanical-door,Y
53-7011,53-7011.00,Conveyor Operators and Tenders,1,conveyor-operators-and-tenders,Y
35-2019,35-2019.00,"Cooks, All Other",,cooks-all-other,
35-2011,35-2011.00,"Cooks, Fast Food",1,cooks-fast-food,Y
35-2012,35-2012.00,"Cooks, Institution and Cafeteria",2,cooks-institution-and-cafeteria,Y
35-2013,35-2013.00,"Cooks, Private Household",3,cooks-private-household,Y
35-2014,35-2014.00,"Cooks, Restaurant",2,cooks-restaurant,Y
35-2015,35-2015.00,"Cooks, Short Order",2,cooks-short-order,Y
51-9193,51-9193.00,Cooling and Freezing Equipment Operators and Tenders,2,cooling-and-freezing-equipment-operators-and-tenders,Y
13-1041,13-1041.06,Coroners,3,coroners,Y
33-3012,33-3012.00,Correctional Officers and Jailers,2,correctional-officers-and-jailers,Y
43-4021,43-4021.00,Correspondence Clerks,2,correspondence-clerks,Y
13-1051,13-1051.00,Cost Estimators,4,cost-estimators,Y
39-3092,39-3092.00,Costume Attendants,2,costume-attendants,Y
21-1019,21-1019.00,"Counselors, All Other",,counselors-all-other,
41-2021,41-2021.00,Counter and Rental Clerks,2,counter-and-rental-clerks,Y
43-5021,43-5021.00,Couriers and Messengers,2,couriers-and-messengers,Y
27-3092,27-3092.00,Court Reporters and Simultaneous Captioners,3,court-reporters-and-simultaneous-captioners,Y
43-4031,43-4031.00,"Court, Municipal, and License Clerks",2,court-municipal-and-license-clerks,Y
27-1012,27-1012.00,Craft Artists,3,craft-artists,Y
53-7021,53-7021.00,Crane and Tower Operators,3,crane-and-tower-operators,Y
13-2041,13-2041.00,Credit Analysts,4,credit-analysts,Y
43-4041,43-4041.00,"Credit Authorizers, Checkers, and Clerks",2,credit-authorizers-checkers-and-clerks,Y
13-2071,13-2071.00,Credit Counselors,4,credit-counselors,Y
39-4012,39-4012.00,Crematory Operators,2,crematory-operators,Y
25-1111,25-1111.00,"Criminal Justice and Law Enforcement Teachers, Postsecondary",5,criminal-justice-and-law-enforcement-teachers-postsecondary,Y
29-1141,29-1141.03,Critical Care Nurses,4,critical-care-nurses,Y
33-9091,33-9091.00,Crossing Guards and Flaggers,2,crossing-guards-and-flaggers,Y
51-9021,51-9021.00,"Crushing, Grinding, and Polishing Machine Setters, Operators, and Tenders",2,crushing-grinding-and-polishing-machine-setters-operators-and-tenders,Y
25-4012,25-4012.00,Curators,5,curators,Y
43-4051,43-4051.00,Customer Service Representatives,2,customer-service-representatives,Y
33-3051,33-3051.04,Customs and Border Protection Officers,3,customs-and-border-protection-officers,Y
13-1041,13-1041.08,Customs Brokers,3,customs-brokers,Y
51-9031,51-9031.00,"Cutters and Trimmers, Hand",1,cutters-and-trimmers-hand,Y
51-9032,51-9032.00,"Cutting and Slicing Machine Setters, Operators, and Tenders",2,cutting-and-slicing-machine-setters-operators-and-tenders,Y
51-4031,51-4031.00,"Cutting, Punching, and Press Machine Setters, Operators, and Tenders, Metal and Plastic",2,cutting-punching-and-press-machine-setters-operators-and-tenders-metal-and-plastic,Y
29-2011,29-2011.01,Cytogenetic Technologists,4,cytogenetic-technologists,Y
29-2011,29-2011.02,Cytotechnologists,5,cytotechnologists,Y
27-2031,27-2031.00,Dancers,3,dancers,Y
43-9021,43-9021.00,Data Entry Keyers,2,data-entry-keyers,Y
15-2051,15-2051.00,Data Scientists,4,data-scientists,Y
15-1243,15-1243.01,Data Warehousing Specialists,4,data-warehousing-specialists,Y
15-1242,15-1242.00,Database Administrators,4,database-administrators,Y
15-1243,15-1243.00,Database Architects,4,database-architects,Y
41-9011,41-9011.00,Demonstrators and Product Promoters,2,demonstrators-and-product-promoters,Y
31-9091,31-9091.00,Dental Assistants,3,dental-assistants,Y
29-1292,29-1292.00,Dental Hygienists,3,dental-hygienists,Y
51-9081,51-9081.00,Dental Laboratory Technicians,2,dental-laboratory-technicians,Y
29-1029,29-1029.00,"Dentists, All Other Specialists",,dentists-all-other-specialists,
29-1021,29-1021.00,"Dentists, General",5,dentists-general,Y
29-1213,29-1213.00,Dermatologists,5,dermatologists,Y
47-5011,47-5011.00,"Derrick Operators, Oil and Gas",1,derrick-operators-oil-and-gas,Y
27-1029,27-1029.00,"Designers, All Other",,designers-all-other,
43-9031,43-9031.00,Desktop Publishers,3,desktop-publishers,Y
33-3021,33-3021.00,Detectives and Criminal Investigators,3,detectives-and-criminal-investigators,Y
29-2032,29-2032.00,Diagnostic Medical Sonographers,3,diagnostic-medical-sonographers,Y
29-2051,29-2051.00,Dietetic Technicians,3,dietetic-technicians,Y
29-1031,29-1031.00,Dietitians and Nutritionists,5,dietitians-and-nutritionists,Y
15-1299,15-1299.06,Digital Forensics Analysts,4,digital-forensics-analysts,Y
35-9011,35-9011.00,Dining Room and Cafeteria Attendants and Bartender Helpers,1,dining-room-and-cafeteria-attendants-and-bartender-helpers,Y
21-2021,21-2021.00,"Directors, Religious Activities and Education",4,directors-religious-activities-and-education,Y
27-2091,27-2091.00,"Disc Jockeys, Except Radio",2,disc-jockeys-except-radio,Y
35-9021,35-9021.00,Dishwashers,1,dishwashers,Y
43-5032,43-5032.00,"Dispatchers, Except Police, Fire, and Ambulance",2,dispatchers-except-police-fire-and-ambulance,Y
15-1299,15-1299.03,Document Management Specialists,4,document-management-specialists,Y
41-9091,41-9091.00,"Door-to-Door Sales Workers, News and Street Vendors, and Related Workers",1,door-to-door-sales-workers-news-and-street-vendors-and-related-workers,Y
17-3019,17-3019.00,"Drafters, All Other",,drafters-all-other,
53-7031,53-7031.00,Dredge Operators,2,dredge-operators,Y
51-4032,51-4032.00,"Drilling and Boring Machine Tool Setters, Operators, and Tenders, Metal and Plastic",2,drilling-and-boring-machine-tool-setters-operators-and-tenders-metal-and-plastic,Y
53-3031,53-3031.00,Driver/Sales Workers,2,driver-sales-workers,Y
47-2081,47-2081.00,Drywall and Ceiling Tile Installers,2,drywall-and-ceiling-tile-installers,Y
47-5023,47-5023.00,"Earth Drillers, Except Oil and Gas",2,earth-drillers-except-oil-and-gas,Y
25-1063,25-1063.00,"Economics Teachers, Postsecondary",5,economics-teachers-postsecondary,Y
19-3011,19-3011.00,Economists,5,economists,Y
27-3041,27-3041.00,Editors,4,editors,Y
11-9039,11-9039.00,"Education Administrators, All Other",,education-administrators-all-other,
11-9032,11-9032.00,"Education Administrators, Kindergarten through Secondary",5,education-administrators-kindergarten-through-secondary,Y
11-9033,11-9033.00,"Education Administrators, Postsecondary",5,education-administrators-postsecondary,Y
11-9031,11-9031.00,"Education and Childcare Administrators, Preschool and Daycare",4,education-and-childcare-administrators-preschool-and-daycare,Y
25-1081,25-1081.00,"Education Teachers, Postsecondary",5,education-teachers-postsecondary,Y
25-9099,25-9099.00,"Educational Instruction and Library Workers, All Other",,educational-instruction-and-library-workers-all-other,
21-1012,21-1012.00,"Educational, Guidance, and Career Counselors and Advisors",5,educational-guidance-and-career-counselors-and-advisors,Y
49-2092,49-2092.00,"Electric Motor, Power Tool, and Related Repairers",3,electric-motor-power-tool-and-related-repairers,Y
17-3023,17-3023.00,Electrical and Electronic Engineering Technologists and Technicians,3,electrical-and-electronic-engineering-technologists-and-technicians,Y
51-2022,51-2022.00,Electrical and Electronic Equipment Assemblers,2,electrical-and-electronic-equipment-assemblers,Y
17-3012,17-3012.00,Electrical and Electronics Drafters,3,electrical-and-electronics-drafters,Y
49-2093,49-2093.00,"Electrical and Electronics Installers and Repairers, Transportation Equipment",3,electrical-and-electronics-installers-and-repairers-transportation-equipment,Y
49-2094,49-2094.00,"Electrical and Electronics Repairers, Commercial and Industrial Equipment",3,electrical-and-electronics-repairers-commercial-and-industrial-equipment,Y
49-2095,49-2095.00,"Electrical and Electronics Repairers, Powerhouse, Substation, and Relay",3,electrical-and-electronics-repairers-powerhouse-substation-and-relay,Y
17-2071,17-2071.00,Electrical Engineers,4,electrical-engineers,Y
49-9051,49-9051.00,Electrical Power-Line Installers and Repairers,2,electrical-power-line-installers-and-repairers,Y
47-2111,47-2111.00,Electricians,3,electricians,Y
17-3024,17-3024.00,Electro-Mechanical and Mechatronics Technologists and Technicians,3,electro-mechanical-and-mechatronics-technologists-and-technicians,Y
51-2023,51-2023.00,Electromechanical Equipment Assemblers,2,electromechanical-equipment-assemblers,Y
49-2096,49-2096.00,"Electronic Equipment Installers and Repairers, Motor Vehicles",3,electronic-equipment-installers-and-repairers-motor-vehicles,Y
17-2072,17-2072.00,"Electronics Engineers, Except Computer",4,electronics-engineers-except-computer,Y
25-2021,25-2021.00,"Elementary School Teachers, Except Special Education",4,elementary-school-teachers-except-special-education,Y
47-4021,47-4021.00,Elevator and Escalator Installers and Repairers,3,elevator-and-escalator-installers-and-repairers,Y
43-4061,43-4061.00,"Eligibility Interviewers, Government Programs",3,eligibility-interviewers-government-programs,Y
39-4011,39-4011.00,Embalmers,3,embalmers,Y
11-9161,11-9161.00,Emergency Management Directors,4,emergency-management-directors,Y
29-2042,29-2042.00,Emergency Medical Technicians,3,emergency-medical-technicians,Y
29-1214,29-1214.00,Emergency Medicine Physicians,5,emergency-medicine-physicians,Y
31-9099,31-9099.02,Endoscopy Technicians,2,endoscopy-technicians,Y
47-4011,47-4011.01,Energy Auditors,3,energy-auditors,Y
17-2199,17-2199.03,"Energy Engineers, Except Wind and Solar",4,energy-engineers-except-wind-and-solar,Y
51-2031,51-2031.00,Engine and Other Machine Assemblers,2,engine-and-other-machine-assemblers,Y
25-1032,25-1032.00,"Engineering Teachers, Postsecondary",5,engineering-teachers-postsecondary,Y
17-3029,17-3029.00,"Engineering Technologists and Technicians, Except Drafters, All Other",,engineering-technologists-and-technicians-except-drafters-all-other,
17-2199,17-2199.00,"Engineers, All Other",,engineers-all-other,
25-1123,25-1123.00,"English Language and Literature Teachers, Postsecondary",5,english-language-and-literature-teachers-postsecondary,Y
27-2099,27-2099.00,"Entertainers and Performers, Sports and Related Workers, All Other",,entertainers-and-performers-sports-and-related-workers-all-other,
11-9072,11-9072.00,"Entertainment and Recreation Managers, Except Gambling",4,entertainment-and-recreation-managers-except-gambling,Y
39-3099,39-3099.00,"Entertainment Attendants and Related Workers, All Other",,entertainment-attendants-and-related-workers-all-other,
13-1041,13-1041.01,Environmental Compliance Inspectors,4,environmental-compliance-inspectors,Y
19-3011,19-3011.01,Environmental Economists,5,environmental-economists,Y
17-3025,17-3025.00,Environmental Engineering Technologists and Technicians,4,environmental-engineering-technologists-and-technicians,Y
17-2081,17-2081.00,Environmental Engineers,4,environmental-engineers,Y
19-2041,19-2041.02,Environmental Restoration Planners,5,environmental-restoration-planners,Y
19-4042,19-4042.00,"Environmental Science and Protection Technicians, Including Health",4,environmental-science-and-protection-technicians-including-health,Y
25-1053,25-1053.00,"Environmental Science Teachers, Postsecondary",5,environmental-science-teachers-postsecondary,Y
19-2041,19-2041.00,"Environmental Scientists and Specialists, Including Health",4,environmental-scientists-and-specialists-including-health,Y
19-1041,19-1041.00,Epidemiologists,5,epidemiologists,Y
13-1041,13-1041.03,Equal Opportunity Representatives and Officers,4,equal-opportunity-representatives-and-officers,Y
51-9194,51-9194.00,Etchers and Engravers,2,etchers-and-engravers,Y
47-5022,47-5022.00,"Excavating and Loading Machine and Dragline Operators, Surface Mining",2,excavating-and-loading-machine-and-dragline-operators-surface-mining,Y
43-6011,43-6011.00,Executive Secretaries and Executive Administrative Assistants,3,executive-secretaries-and-executive-administrative-assistants,Y
29-1128,29-1128.00,Exercise Physiologists,4,exercise-physiologists,Y
39-9031,39-9031.00,Exercise Trainers and Group Fitness Instructors,3,exercise-trainers-and-group-fitness-instructors,Y
47-5032,47-5032.00,"Explosives Workers, Ordnance Handling Experts, and Blasters",2,explosives-workers-ordnance-handling-experts-and-blasters,Y
47-5099,47-5099.00,"Extraction Workers, All Other",,extraction-workers-all-other,
51-4021,51-4021.00,"Extruding and Drawing Machine Setters, Operators, and Tenders, Metal and Plastic",2,extruding-and-drawing-machine-setters-operators-and-tenders-metal-and-plastic,Y
51-6091,51-6091.00,"Extruding and Forming Machine Setters, Operators, and Tenders, Synthetic and Glass Fibers",2,extruding-and-forming-machine-setters-operators-and-tenders-synthetic-and-glass-fibers,Y
51-9041,51-9041.00,"Extruding, Forming, Pressing, and Compacting Machine Setters, Operators, and Tenders",2,extruding-forming-pressing-and-compacting-machine-setters-operators-and-tenders,Y
51-6092,51-6092.00,Fabric and Apparel Patternmakers,3,fabric-and-apparel-patternmakers,Y
11-3013,11-3013.00,Facilities Managers,3,facilities-managers,Y
45-4021,45-4021.00,Fallers,1,fallers,Y
25-1192,25-1192.00,"Family and Consumer Sciences Teachers, Postsecondary",5,family-and-consumer-sciences-teachers-postsecondary,Y
29-1215,29-1215.00,Family Medicine Physicians,5,family-medicine-physicians,Y
25-9021,25-9021.00,Farm and Home Management Educators,5,farm-and-home-management-educators,Y
49-3041,49-3041.00,Farm Equipment Mechanics and Service Technicians,3,farm-equipment-mechanics-and-service-technicians,Y
13-1074,13-1074.00,Farm Labor Contractors,2,farm-labor-contractors,Y
11-9013,11-9013.00,"Farmers, Ranchers, and Other Agricultural Managers",4,farmers-ranchers-and-other-agricultural-managers,Y
45-2092,45-2092.00,"Farmworkers and Laborers, Crop, Nursery, and Greenhouse",1,farmworkers-and-laborers-crop-nursery-and-greenhouse,Y
45-2093,45-2093.00,"Farmworkers, Farm, Ranch, and Aquacultural Animals",2,farmworkers-farm-ranch-and-aquacultural-animals,Y
27-1022,27-1022.00,Fashion Designers,3,fashion-designers,Y
35-3023,35-3023.00,Fast Food and Counter Workers,1,fast-food-and-counter-workers,Y
47-4031,47-4031.00,Fence Erectors,2,fence-erectors,Y
51-2051,51-2051.00,Fiberglass Laminators and Fabricators,2,fiberglass-laminators-and-fabricators,Y
43-4071,43-4071.00,File Clerks,2,file-clerks,Y
27-4032,27-4032.00,Film and Video Editors,4,film-and-video-editors,Y
13-2051,13-2051.00,Financial and Investment Analysts,4,financial-and-investment-analysts,Y
43-3099,43-3099.00,"Financial Clerks, All Other",,financial-clerks-all-other,
13-2061,13-2061.00,Financial Examiners,4,financial-examiners,Y
11-3031,11-3031.00,Financial Managers,4,financial-managers,Y
13-2099,13-2099.01,Financial Quantitative Analysts,5,financial-quantitative-analysts,Y
13-2054,13-2054.00,Financial Risk Specialists,4,financial-risk-specialists,Y
13-2099,13-2099.00,"Financial Specialists, All Other",,financial-specialists-all-other,
27-1013,27-1013.00,"Fine Artists, Including Painters, Sculptors, and Illustrators",3,fine-artists-including-painters-sculptors-and-illustrators,Y
33-2021,33-2021.00,Fire Inspectors and Investigators,3,fire-inspectors-and-investigators,Y
17-2111,17-2111.02,Fire-Prevention and Protection Engineers,4,fire-prevention-and-protection-engineers,Y
33-2011,33-2011.00,Firefighters,3,firefighters,Y
55-2011,55-2011.00,First-Line Supervisors of Air Crew Members,,first-line-supervisors-of-air-crew-members,
55-2013,55-2013.00,First-Line Supervisors of All Other Tactical Operations Specialists,,first-line-supervisors-of-all-other-tactical-operations-specialists,
47-1011,47-1011.00,First-Line Supervisors of Construction Trades and Extraction Workers,3,first-line-supervisors-of-construction-trades-and-extraction-workers,Y
33-1011,33-1011.00,First-Line Supervisors of Correctional Officers,3,first-line-supervisors-of-correctional-officers,Y
39-1014,39-1014.00,"First-Line Supervisors of Entertainment and Recreation Workers, Except Gambling Services",2,first-line-supervisors-of-entertainment-and-recreation-workers-except-gambling-services,Y
45-1011,45-1011.00,"First-Line Supervisors of Farming, Fishing, and Forestry Workers",3,first-line-supervisors-of-farming-fishing-and-forestry-workers,Y
33-1021,33-1021.00,First-Line Supervisors of Firefighting and Prevention Workers,3,first-line-supervisors-of-firefighting-and-prevention-workers,Y
35-1012,35-1012.00,First-Line Supervisors of Food Preparation and Serving Workers,2,first-line-supervisors-of-food-preparation-and-serving-workers,Y
39-1013,39-1013.00,First-Line Supervisors of Gambling Services Workers,2,first-line-supervisors-of-gambling-services-workers,Y
53-1042,53-1042.00,"First-Line Supervisors of Helpers, Laborers, and Material Movers, Hand",2,first-line-supervisors-of-helpers-laborers-and-material-movers-hand,Y
37-1011,37-1011.00,First-Line Supervisors of Housekeeping and Janitorial Workers,2,first-line-supervisors-of-housekeeping-and-janitorial-workers,Y
37-1012,37-1012.00,"First-Line Supervisors of Landscaping, Lawn Service, and Groundskeeping Workers",3,first-line-supervisors-of-landscaping-lawn-service-and-groundskeeping-workers,Y
53-1043,53-1043.00,First-Line Supervisors of Material-Moving Machine and Vehicle Operators,3,first-line-supervisors-of-material-moving-machine-and-vehicle-operators,Y
49-1011,49-1011.00,"First-Line Supervisors of Mechanics, Installers, and Repairers",3,first-line-supervisors-of-mechanics-installers-and-repairers,Y
41-1012,41-1012.00,First-Line Supervisors of Non-Retail Sales Workers,4,first-line-supervisors-of-non-retail-sales-workers,Y
43-1011,43-1011.00,First-Line Supervisors of Office and Administrative Support Workers,3,first-line-supervisors-of-office-and-administrative-support-workers,Y
53-1044,53-1044.00,First-Line Supervisors of Passenger Attendants,3,first-line-supervisors-of-passenger-attendants,Y
39-1022,39-1022.00,First-Line Supervisors of Personal Service Workers,3,first-line-supervisors-of-personal-service-workers,Y
33-1012,33-1012.00,First-Line Supervisors of Police and Detectives,2,first-line-supervisors-of-police-and-detectives,Y
51-1011,51-1011.00,First-Line Supervisors of Production and Operating Workers,3,first-line-supervisors-of-production-and-operating-workers,Y
33-1099,33-1099.00,"First-Line Supervisors of Protective Service Workers, All Other",,first-line-supervisors-of-protective-service-workers-all-other,
41-1011,41-1011.00,First-Line Supervisors of Retail Sales Workers,2,first-line-supervisors-of-retail-sales-workers,Y
33-1091,33-1091.00,First-Line Supervisors of Security Workers,2,first-line-supervisors-of-security-workers,Y
53-1049,53-1049.00,"First-Line Supervisors of Transportation Workers, All Other",,first-line-supervisors-of-transportation-workers-all-other,
55-2012,55-2012.00,First-Line Supervisors of Weapons Specialists/Crew Members,,first-line-supervisors-of-weapons-specialists-crew-members,
33-3031,33-3031.00,Fish and Game Wardens,4,fish-and-game-wardens,Y
45-3031,45-3031.00,Fishing and Hunting Workers,1,fishing-and-hunting-workers,Y
11-9179,11-9179.01,Fitness and Wellness Coordinators,4,fitness-and-wellness-coordinators,Y
53-2031,53-2031.00,Flight Attendants,2,flight-attendants,Y
47-2042,47-2042.00,"Floor Layers, Except Carpet, Wood, and Hard Tiles",2,floor-layers-except-carpet-wood-and-hard-tiles,Y
47-2043,47-2043.00,Floor Sanders and Finishers,1,floor-sanders-and-finishers,Y
27-1023,27-1023.00,Floral Designers,2,floral-designers,Y
51-3091,51-3091.00,"Food and Tobacco Roasting, Baking, and Drying Machine Operators and Tenders",2,food-and-tobacco-roasting-baking-and-drying-machine-operators-and-tenders,Y
51-3092,51-3092.00,Food Batchmakers,2,food-batchmakers,Y
51-3093,51-3093.00,Food Cooking Machine Operators and Tenders,2,food-cooking-machine-operators-and-tenders,Y
35-9099,35-9099.00,"Food Preparation and Serving Related Workers, All Other",,food-preparation-and-serving-related-workers-all-other,
35-2021,35-2021.00,Food Preparation Workers,2,food-preparation-workers,Y
51-3099,51-3099.00,"Food Processing Workers, All Other",,food-processing-workers-all-other,
19-4013,19-4013.00,Food Science Technicians,3,food-science-technicians,Y
19-1012,19-1012.00,Food Scientists and Technologists,4,food-scientists-and-technologists,Y
35-3041,35-3041.00,"Food Servers, Nonrestaurant",2,food-servers-nonrestaurant,Y
11-9051,11-9051.00,Food Service Managers,2,food-service-managers,Y
25-1124,25-1124.00,"Foreign Language and Literature Teachers, Postsecondary",5,foreign-language-and-literature-teachers-postsecondary,Y
19-4092,19-4092.00,Forensic Science Technicians,3,forensic-science-technicians,Y
19-4071,19-4071.00,Forest and Conservation Technicians,3,forest-and-conservation-technicians,Y
45-4011,45-4011.00,Forest and Conservation Workers,2,forest-and-conservation-workers,Y
33-2022,33-2022.00,Forest Fire Inspectors and Prevention Specialists,3,forest-fire-inspectors-and-prevention-specialists,Y
19-1032,19-1032.00,Foresters,4,foresters,Y
25-1043,25-1043.00,"Forestry and Conservation Science Teachers, Postsecondary",5,forestry-and-conservation-science-teachers-postsecondary,Y
51-4022,51-4022.00,"Forging Machine Setters, Operators, and Tenders, Metal and Plastic",2,forging-machine-setters-operators-and-tenders-metal-and-plastic,Y
51-4071,51-4071.00,Foundry Mold and Coremakers,2,foundry-mold-and-coremakers,Y
13-2099,13-2099.04,"Fraud Examiners, Investigators and Analysts",4,fraud-examiners-investigators-and-analysts,Y
43-5011,43-5011.01,Freight Forwarders,2,freight-forwarders,Y
17-2141,17-2141.01,Fuel Cell Engineers,4,fuel-cell-engineers,Y
13-1131,13-1131.00,Fundraisers,4,fundraisers,Y
11-2033,11-2033.00,Fundraising Managers,4,fundraising-managers,Y
39-4021,39-4021.00,Funeral Attendants,2,funeral-attendants,Y
11-9171,11-9171.00,Funeral Home Managers,3,funeral-home-managers,Y
51-9051,51-9051.00,"Furnace, Kiln, Oven, Drier, and Kettle Operators and Tenders",2,furnace-kiln-oven-drier-and-kettle-operators-and-tenders,Y
51-7021,51-7021.00,Furniture Finishers,2,furniture-finishers,Y
39-3012,39-3012.00,Gambling and Sports Book Writers and Runners,2,gambling-and-sports-book-writers-and-runners,Y
43-3041,43-3041.00,Gambling Cage Workers,2,gambling-cage-workers,Y
41-2012,41-2012.00,Gambling Change Persons and Booth Cashiers,2,gambling-change-persons-and-booth-cashiers,Y
39-3011,39-3011.00,Gambling Dealers,2,gambling-dealers,Y
11-9071,11-9071.00,Gambling Managers,2,gambling-managers,Y
39-3019,39-3019.00,"Gambling Service Workers, All Other",,gambling-service-workers-all-other,
33-9031,33-9031.00,Gambling Surveillance Officers and Gambling Investigators,2,gambling-surveillance-officers-and-gambling-investigators,Y
53-7071,53-7071.00,Gas Compressor and Gas Pumping Station Operators,2,gas-compressor-and-gas-pumping-station-operators,Y
51-8092,51-8092.00,Gas Plant Operators,2,gas-plant-operators,Y
51-9071,51-9071.06,Gem and Diamond Workers,3,gem-and-diamond-workers,Y
11-1021,11-1021.00,General and Operations Managers,4,general-and-operations-managers,Y
29-1216,29-1216.00,General Internal Medicine Physicians,5,general-internal-medicine-physicians,Y
29-9092,29-9092.00,Genetic Counselors,5,genetic-counselors,Y
19-1029,19-1029.03,Geneticists,5,geneticists,Y
17-1022,17-1022.01,Geodetic Surveyors,4,geodetic-surveyors,Y
19-3092,19-3092.00,Geographers,4,geographers,Y
15-1299,15-1299.02,Geographic Information Systems Technologists and Technicians,3,geographic-information-systems-technologists-and-technicians,Y
25-1064,25-1064.00,"Geography Teachers, Postsecondary",5,geography-teachers-postsecondary,Y
19-4043,19-4043.00,"Geological Technicians, Except Hydrologic Technicians",4,geological-technicians-except-hydrologic-technicians,Y
19-2042,19-2042.00,"Geoscientists, Except Hydrologists and Geographers",5,geoscientists-except-hydrologists-and-geographers,Y
11-3051,11-3051.02,Geothermal Production Managers,3,geothermal-production-managers,Y
49-9099,49-9099.01,Geothermal Technicians,2,geothermal-technicians,Y
51-9195,51-9195.04,"Glass Blowers, Molders, Benders, and Finishers",2,glass-blowers-molders-benders-and-finishers,Y
47-2121,47-2121.00,Glaziers,2,glaziers,Y
13-1041,13-1041.04,Government Property Inspectors and Investigators,3,government-property-inspectors-and-investigators,Y
45-2041,45-2041.00,"Graders and Sorters, Agricultural Products",1,graders-and-sorters-agricultural-products,Y
27-1024,27-1024.00,Graphic Designers,4,graphic-designers,Y
51-9022,51-9022.00,"Grinding and Polishing Workers, Hand",2,grinding-and-polishing-workers-hand,Y
51-4033,51-4033.00,"Grinding, Lapping, Polishing, and Buffing Machine Tool Setters, Operators, and Tenders, Metal and Plastic",2,grinding-lapping-polishing-and-buffing-machine-tool-setters-operators-and-tenders-metal-and-plastic,Y
37-3019,37-3019.00,"Grounds Maintenance Workers, All Other",,grounds-maintenance-workers-all-other,
39-5012,39-5012.00,"Hairdressers, Hairstylists, and Cosmetologists",3,hairdressers-hairstylists-and-cosmetologists,Y
47-4041,47-4041.00,Hazardous Materials Removal Workers,3,hazardous-materials-removal-workers,Y
17-2111,17-2111.00,"Health and Safety Engineers, Except Mining Safety Engineers and Inspectors",4,health-and-safety-engineers-except-mining-safety-engineers-and-inspectors,Y
21-1091,21-1091.00,Health Education Specialists,4,health-education-specialists,Y
15-1211,15-1211.01,Health Informatics Specialists,5,health-informatics-specialists,Y
29-9021,29-9021.00,Health Information Technologists and Medical Registrars,3,health-information-technologists-and-medical-registrars,Y
25-1071,25-1071.00,"Health Specialties Teachers, Postsecondary",5,health-specialties-teachers-postsecondary,Y
29-2099,29-2099.00,"Health Technologists and Technicians, All Other",,health-technologists-and-technicians-all-other,
29-1299,29-1299.00,"Healthcare Diagnosing or Treating Practitioners, All Other",,healthcare-diagnosing-or-treating-practitioners-all-other,
29-9099,29-9099.00,"Healthcare Practitioners and Technical Workers, All Other",,healthcare-practitioners-and-technical-workers-all-other,
21-1022,21-1022.00,Healthcare Social Workers,5,healthcare-social-workers,Y
31-9099,31-9099.00,"Healthcare Support Workers, All Other",,healthcare-support-workers-all-other,
29-2092,29-2092.00,Hearing Aid Specialists,3,hearing-aid-specialists,Y
51-4191,51-4191.00,"Heat Treating Equipment Setters, Operators, and Tenders, Metal and Plastic",2,heat-treating-equipment-setters-operators-and-tenders-metal-and-plastic,Y
49-9021,49-9021.00,"Heating, Air Conditioning, and Refrigeration Mechanics and Installers",3,heating-air-conditioning-and-refrigeration-mechanics-and-installers,Y
53-3032,53-3032.00,Heavy and Tractor-Trailer Truck Drivers,2,heavy-and-tractor-trailer-truck-drivers,Y
47-3019,47-3019.00,"Helpers, Construction Trades, All Other",,helpers-construction-trades-all-other,
47-3011,47-3011.00,"Helpers--Brickmasons, Blockmasons, Stonemasons, and Tile and Marble Setters",2,helpers-brickmasons-blockmasons-stonemasons-and-tile-and-marble-setters,Y
47-3012,47-3012.00,Helpers--Carpenters,2,helpers-carpenters,Y
47-3013,47-3013.00,Helpers--Electricians,2,helpers-electricians,Y
47-5081,47-5081.00,Helpers--Extraction Workers,2,helpers-extraction-workers,Y
49-9098,49-9098.00,"Helpers--Installation, Maintenance, and Repair Workers",2,helpers-installation-maintenance-and-repair-workers,Y
47-3014,47-3014.00,"Helpers--Painters, Paperhangers, Plasterers, and Stucco Masons",1,helpers-painters-paperhangers-plasterers-and-stucco-masons,Y
47-3015,47-3015.00,"Helpers--Pipelayers, Plumbers, Pipefitters, and Steamfitters",2,helpers-pipelayers-plumbers-pipefitters-and-steamfitters,Y
51-9198,51-9198.00,Helpers--Production Workers,2,helpers-production-workers,Y
47-3016,47-3016.00,Helpers--Roofers,2,helpers-roofers,Y
47-4051,47-4051.00,Highway Maintenance Workers,2,highway-maintenance-workers,Y
29-2012,29-2012.01,Histology Technicians,3,histology-technicians,Y
19-3093,19-3093.00,Historians,5,historians,Y
25-1125,25-1125.00,"History Teachers, Postsecondary",5,history-teachers-postsecondary,Y
29-2011,29-2011.04,Histotechnologists,4,histotechnologists,Y
53-7041,53-7041.00,Hoist and Winch Operators,2,hoist-and-winch-operators,Y
49-9031,49-9031.00,Home Appliance Repairers,2,home-appliance-repairers,Y
31-1121,31-1121.00,Home Health Aides,2,home-health-aides,Y
29-1229,29-1229.02,Hospitalists,5,hospitalists,Y
35-9031,35-9031.00,"Hosts and Hostesses, Restaurant, Lounge, and Coffee Shop",1,hosts-and-hostesses-restaurant-lounge-and-coffee-shop,Y
43-4081,43-4081.00,"Hotel, Motel, and Resort Desk Clerks",2,hotel-motel-and-resort-desk-clerks,Y
17-2112,17-2112.01,Human Factors Engineers and Ergonomists,5,human-factors-engineers-and-ergonomists,Y
43-4161,43-4161.00,"Human Resources Assistants, Except Payroll and Timekeeping",3,human-resources-assistants-except-payroll-and-timekeeping,Y
11-3121,11-3121.00,Human Resources Managers,4,human-resources-managers,Y
13-1071,13-1071.00,Human Resources Specialists,4,human-resources-specialists,Y
51-8013,51-8013.04,Hydroelectric Plant Technicians,3,hydroelectric-plant-technicians,Y
11-3051,11-3051.06,Hydroelectric Production Managers,3,hydroelectric-production-managers,Y
19-4044,19-4044.00,Hydrologic Technicians,3,hydrologic-technicians,Y
19-2043,19-2043.00,Hydrologists,5,hydrologists,Y
19-2041,19-2041.03,Industrial Ecologists,5,industrial-ecologists,Y
17-3026,17-3026.00,Industrial Engineering Technologists and Technicians,3,industrial-engineering-technologists-and-technicians,Y
17-2112,17-2112.00,Industrial Engineers,4,industrial-engineers,Y
49-9041,49-9041.00,Industrial Machinery Mechanics,3,industrial-machinery-mechanics,Y
11-3051,11-3051.00,Industrial Production Managers,4,industrial-production-managers,Y
53-7051,53-7051.00,Industrial Truck and Tractor Operators,2,industrial-truck-and-tractor-operators,Y
19-3032,19-3032.00,Industrial-Organizational Psychologists,5,industrial-organizational-psychologists,Y
55-3016,55-3016.00,Infantry,,infantry,
55-1016,55-1016.00,Infantry Officers,,infantry-officers,
43-4199,43-4199.00,"Information and Record Clerks, All Other",,information-and-record-clerks-all-other,
15-1212,15-1212.00,Information Security Analysts,4,information-security-analysts,Y
15-1299,15-1299.05,Information Security Engineers,4,information-security-engineers,Y
15-1299,15-1299.09,Information Technology Project Managers,4,information-technology-project-managers,Y
51-9061,51-9061.00,"Inspectors, Testers, Sorters, Samplers, and Weighers",2,inspectors-testers-sorters-samplers-and-weighers,Y
49-9099,49-9099.00,"Installation, Maintenance, and Repair Workers, All Other",,installation-maintenance-and-repair-workers-all-other,
25-9031,25-9031.00,Instructional Coordinators,5,instructional-coordinators,Y
47-2131,47-2131.00,"Insulation Workers, Floor, Ceiling, and Wall",2,insulation-workers-floor-ceiling-and-wall,Y
47-2132,47-2132.00,"Insulation Workers, Mechanical",2,insulation-workers-mechanical,Y
13-1032,13-1032.00,"Insurance Appraisers, Auto Damage",3,insurance-appraisers-auto-damage,Y
43-9041,43-9041.00,Insurance Claims and Policy Processing Clerks,2,insurance-claims-and-policy-processing-clerks,Y
41-3021,41-3021.00,Insurance Sales Agents,4,insurance-sales-agents,Y
13-2053,13-2053.00,Insurance Underwriters,4,insurance-underwriters,Y
33-3021,33-3021.06,Intelligence Analysts,4,intelligence-analysts,Y
27-1025,27-1025.00,Interior Designers,4,interior-designers,Y
27-3091,27-3091.00,Interpreters and Translators,4,interpreters-and-translators,Y
43-4111,43-4111.00,"Interviewers, Except Eligibility and Loan",3,interviewers-except-eligibility-and-loan,Y
11-3031,11-3031.03,Investment Fund Managers,5,investment-fund-managers,Y
37-2011,37-2011.00,"Janitors and Cleaners, Except Maids and Housekeeping Cleaners",3,janitors-and-cleaners-except-maids-and-housekeeping-cleaners,Y
51-9071,51-9071.00,Jewelers and Precious Stone and Metal Workers,3,jewelers-and-precious-stone-and-metal-workers,Y
23-1023,23-1023.00,"Judges, Magistrate Judges, and Magistrates",5,judges-magistrate-judges-and-magistrates,Y
23-1012,23-1012.00,Judicial Law Clerks,5,judicial-law-clerks,Y
25-2012,25-2012.00,"Kindergarten Teachers, Except Special Education",4,kindergarten-teachers-except-special-education,Y
13-1075,13-1075.00,Labor Relations Specialists,4,labor-relations-specialists,Y
53-7062,53-7062.00,"Laborers and Freight, Stock, and Material Movers, Hand",2,laborers-and-freight-stock-and-material-movers-hand,Y
17-1012,17-1012.00,Landscape Architects,4,landscape-architects,Y
37-3011,37-3011.00,Landscaping and Groundskeeping Workers,1,landscaping-and-groundskeeping-workers,Y
51-4034,51-4034.00,"Lathe and Turning Machine Tool Setters, Operators, and Tenders, Metal and Plastic",2,lathe-and-turning-machine-tool-setters-operators-and-tenders-metal-and-plastic,Y
51-6011,51-6011.00,Laundry and Dry-Cleaning Workers,1,laundry-and-dry-cleaning-workers,Y
25-1112,25-1112.00,"Law Teachers, Postsecondary",5,law-teachers-postsecondary,Y
23-1011,23-1011.00,Lawyers,5,lawyers,Y
51-4192,51-4192.00,"Layout Workers, Metal and Plastic",2,layout-workers-metal-and-plastic,Y
43-6012,43-6012.00,Legal Secretaries and Administrative Assistants,3,legal-secretaries-and-administrative-assistants,Y
23-2099,23-2099.00,"Legal Support Workers, All Other",,legal-support-workers-all-other,
11-1031,11-1031.00,Legislators,4,legislators,Y
25-4022,25-4022.00,Librarians and Media Collections Specialists,5,librarians-and-media-collections-specialists,Y
43-4121,43-4121.00,"Library Assistants, Clerical",2,library-assistants-clerical,Y
25-1082,25-1082.00,"Library Science Teachers, Postsecondary",5,library-science-teachers-postsecondary,Y
25-4031,25-4031.00,Library Technicians,3,library-technicians,Y
29-2061,29-2061.00,Licensed Practical and Licensed Vocational Nurses,3,licensed-practical-and-licensed-vocational-nurses,Y
19-1099,19-1099.00,"Life Scientists, All Other",,life-scientists-all-other,
19-4099,19-4099.00,"Life, Physical, and Social Science Technicians, All Other",,life-physical-and-social-science-technicians-all-other,
33-9092,33-9092.00,"Lifeguards, Ski Patrol, and Other Recreational Protective Service Workers",2,lifeguards-ski-patrol-and-other-recreational-protective-service-workers,Y
53-3033,53-3033.00,Light Truck Drivers,2,light-truck-drivers,Y
27-4015,27-4015.00,Lighting Technicians,3,lighting-technicians,Y
47-5044,47-5044.00,"Loading and Moving Machine Operators, Underground Mining",2,loading-and-moving-machine-operators-underground-mining,Y
43-4131,43-4131.00,Loan Interviewers and Clerks,3,loan-interviewers-and-clerks,Y
13-2072,13-2072.00,Loan Officers,4,loan-officers,Y
39-3093,39-3093.00,"Locker Room, Coatroom, and Dressing Room Attendants",2,locker-room-coatroom-and-dressing-room-attendants,Y
49-9094,49-9094.00,Locksmiths and Safe Repairers,2,locksmiths-and-safe-repairers,Y
53-4011,53-4011.00,Locomotive Engineers,2,locomotive-engineers,Y
11-9081,11-9081.00,Lodging Managers,4,lodging-managers,Y
45-4023,45-4023.00,Log Graders and Scalers,2,log-graders-and-scalers,Y
45-4022,45-4022.00,Logging Equipment Operators,1,logging-equipment-operators,Y
45-4029,45-4029.00,"Logging Workers, All Other",,logging-workers-all-other,
13-1081,13-1081.00,Logisticians,4,logisticians,Y
13-1081,13-1081.02,Logistics Analysts,4,logistics-analysts,Y
13-1081,13-1081.01,Logistics Engineers,4,logistics-engineers,Y
11-9199,11-9199.08,Loss Prevention Managers,4,loss-prevention-managers,Y
29-1122,29-1122.01,"Low Vision Therapists, Orientation and Mobility Specialists, and Vision Rehabilitation Therapists",5,low-vision-therapists-orientation-and-mobility-specialists-and-vision-rehabilitation-therapists,Y
53-7063,53-7063.00,Machine Feeders and Offbearers,2,machine-feeders-and-offbearers,Y
51-4041,51-4041.00,Machinists,3,machinists,Y
29-2035,29-2035.00,Magnetic Resonance Imaging Technologists,3,magnetic-resonance-imaging-technologists,Y
37-2012,37-2012.00,Maids and Housekeeping Cleaners,1,maids-and-housekeeping-cleaners,Y
43-9051,43-9051.00,"Mail Clerks and Mail Machine Operators, Except Postal Service",2,mail-clerks-and-mail-machine-operators-except-postal-service,Y
49-9071,49-9071.00,"Maintenance and Repair Workers, General",3,maintenance-and-repair-workers-general,Y
49-9043,49-9043.00,"Maintenance Workers, Machinery",3,maintenance-workers-machinery,Y
39-5091,39-5091.00,"Makeup Artists, Theatrical and Performance",3,makeup-artists-theatrical-and-performance,Y
13-1111,13-1111.00,Management Analysts,4,management-analysts,Y
11-9199,11-9199.00,"Managers, All Other",,managers-all-other,
39-5092,39-5092.00,Manicurists and Pedicurists,2,manicurists-and-pedicurists,Y
49-9095,49-9095.00,Manufactured Building and Mobile Home Installers,2,manufactured-building-and-mobile-home-installers,Y
17-2112,17-2112.03,Manufacturing Engineers,4,manufacturing-engineers,Y
17-2121,17-2121.00,Marine Engineers and Naval Architects,4,marine-engineers-and-naval-architects,Y
13-1161,13-1161.00,Market Research Analysts and Marketing Specialists,4,market-research-analysts-and-marketing-specialists,Y
11-2021,11-2021.00,Marketing Managers,4,marketing-managers,Y
21-1013,21-1013.00,Marriage and Family Therapists,5,marriage-and-family-therapists,Y
31-9011,31-9011.00,Massage Therapists,3,massage-therapists,Y
53-7199,53-7199.00,"Material Moving Workers, All Other",,material-moving-workers-all-other,
17-2131,17-2131.00,Materials Engineers,4,materials-engineers,Y
19-2032,19-2032.00,Materials Scientists,4,materials-scientists,Y
15-2099,15-2099.00,"Mathematical Science Occupations, All Other",,mathematical-science-occupations-all-other,
25-1022,25-1022.00,"Mathematical Science Teachers, Postsecondary",5,mathematical-science-teachers-postsecondary,Y
15-2021,15-2021.00,Mathematicians,5,mathematicians,Y
51-3022,51-3022.00,"Meat, Poultry, and Fish Cutters and Trimmers",1,meat-poultry-and-fish-cutters-and-trimmers,Y
49-9011,49-9011.00,Mechanical Door Repairers,2,mechanical-door-repairers,Y
17-3013,17-3013.00,Mechanical Drafters,3,mechanical-drafters,Y
17-3027,17-3027.00,Mechanical Engineering Technologists and Technicians,3,mechanical-engineering-technologists-and-technicians,Y
17-2141,17-2141.00,Mechanical Engineers,4,mechanical-engineers,Y
17-2199,17-2199.05,Mechatronics Engineers,4,mechatronics-engineers,Y
27-4099,27-4099.00,"Media and Communication Equipment Workers, All Other",,media-and-communication-equipment-workers-all-other,
27-3099,27-3099.00,"Media and Communication Workers, All Other",,media-and-communication-workers-all-other,
27-2012,27-2012.03,Media Programming Directors,4,media-programming-directors,Y
27-2012,27-2012.05,Media Technical Directors/Managers,4,media-technical-directors-managers,Y
29-2012,29-2012.00,Medical and Clinical Laboratory Technicians,3,medical-and-clinical-laboratory-technicians,Y
29-2011,29-2011.00,Medical and Clinical Laboratory Technologists,4,medical-and-clinical-laboratory-technologists,Y
11-9111,11-9111.00,Medical and Health Services Managers,4,medical-and-health-services-managers,Y
51-9082,51-9082.00,Medical Appliance Technicians,3,medical-appliance-technicians,Y
31-9092,31-9092.00,Medical Assistants,3,medical-assistants,Y
29-2036,29-2036.00,Medical Dosimetrists,4,medical-dosimetrists,Y
31-9093,31-9093.00,Medical Equipment Preparers,2,medical-equipment-preparers,Y
49-9062,49-9062.00,Medical Equipment Repairers,3,medical-equipment-repairers,Y
29-2072,29-2072.00,Medical Records Specialists,3,medical-records-specialists,Y
19-1042,19-1042.00,"Medical Scientists, Except Epidemiologists",5,medical-scientists-except-epidemiologists,Y
43-6013,43-6013.00,Medical Secretaries and Administrative Assistants,2,medical-secretaries-and-administrative-assistants,Y
31-9094,31-9094.00,Medical Transcriptionists,3,medical-transcriptionists,Y
13-1121,13-1121.00,"Meeting, Convention, and Event Planners",4,meeting-convention-and-event-planners,Y
21-1023,21-1023.00,Mental Health and Substance Abuse Social Workers,5,mental-health-and-substance-abuse-social-workers,Y
21-1014,21-1014.00,Mental Health Counselors,5,mental-health-counselors,Y
27-1026,27-1026.00,Merchandise Displayers and Window Trimmers,3,merchandise-displayers-and-window-trimmers,Y
51-4199,51-4199.00,"Metal Workers and Plastic Workers, All Other",,metal-workers-and-plastic-workers-all-other,
51-4051,51-4051.00,Metal-Refining Furnace Operators and Tenders,2,metal-refining-furnace-operators-and-tenders,Y
43-5041,43-5041.00,"Meter Readers, Utilities",2,meter-readers-utilities,Y
19-1022,19-1022.00,Microbiologists,4,microbiologists,Y
17-2199,17-2199.06,Microsystems Engineers,5,microsystems-engineers,Y
25-2022,25-2022.00,"Middle School Teachers, Except Special and Career/Technical Education",4,middle-school-teachers-except-special-and-career-technical-education,Y
29-9099,29-9099.01,Midwives,5,midwives,Y
55-3019,55-3019.00,"Military Enlisted Tactical Operations and Air/Weapons Specialists and Crew Members, All Other",,military-enlisted-tactical-operations-and-air-weapons-specialists-and-crew-members-all-other,
55-1019,55-1019.00,"Military Officer Special and Tactical Operations Leaders, All Other",,military-officer-special-and-tactical-operations-leaders-all-other,
51-4035,51-4035.00,"Milling and Planing Machine Setters, Operators, and Tenders, Metal and Plastic",2,milling-and-planing-machine-setters-operators-and-tenders-metal-and-plastic,Y
49-9044,49-9044.00,Millwrights,2,millwrights,Y
17-2151,17-2151.00,"Mining and Geological Engineers, Including Mining Safety Engineers",4,mining-and-geological-engineers-including-mining-safety-engineers,Y
51-9023,51-9023.00,"Mixing and Blending Machine Setters, Operators, and Tenders",2,mixing-and-blending-machine-setters-operators-and-tenders,Y
49-3042,49-3042.00,"Mobile Heavy Equipment Mechanics, Except Engines",3,mobile-heavy-equipment-mechanics-except-engines,Y
51-4061,51-4061.00,"Model Makers, Metal and Plastic",3,model-makers-metal-and-plastic,Y
51-7031,51-7031.00,"Model Makers, Wood",3,model-makers-wood,Y
41-9012,41-9012.00,Models,2,models,Y
51-9195,51-9195.00,"Molders, Shapers, and Casters, Except Metal and Plastic",2,molders-shapers-and-casters-except-metal-and-plastic,Y
51-4072,51-4072.00,"Molding, Coremaking, and Casting Machine Setters, Operators, and Tenders, Metal and Plastic",2,molding-coremaking-and-casting-machine-setters-operators-and-tenders-metal-and-plastic,Y
19-1029,19-1029.02,Molecular and Cellular Biologists,5,molecular-and-cellular-biologists,Y
39-4031,39-4031.00,"Morticians, Undertakers, and Funeral Arrangers",3,morticians-undertakers-and-funeral-arrangers,Y
39-3021,39-3021.00,Motion Picture Projectionists,2,motion-picture-projectionists,Y
53-3099,53-3099.00,"Motor Vehicle Operators, All Other",,motor-vehicle-operators-all-other,
49-3051,49-3051.00,Motorboat Mechanics and Service Technicians,3,motorboat-mechanics-and-service-technicians,Y
53-5022,53-5022.00,Motorboat Operators,2,motorboat-operators,Y
49-3052,49-3052.00,Motorcycle Mechanics,3,motorcycle-mechanics,Y
51-4081,51-4081.00,"Multiple Machine Tool Setters, Operators, and Tenders, Metal and Plastic",2,multiple-machine-tool-setters-operators-and-tenders-metal-and-plastic,Y
25-4013,25-4013.00,Museum Technicians and Conservators,4,museum-technicians-and-conservators,Y
27-2041,27-2041.00,Music Directors and Composers,4,music-directors-and-composers,Y
29-1129,29-1129.02,Music Therapists,4,music-therapists,Y
49-9063,49-9063.00,Musical Instrument Repairers and Tuners,3,musical-instrument-repairers-and-tuners,Y
27-2042,27-2042.00,Musicians and Singers,4,musicians-and-singers,Y
39-9011,39-9011.01,Nannies,2,nannies,Y
17-2199,17-2199.09,Nanosystems Engineers,5,nanosystems-engineers,Y
17-3026,17-3026.01,Nanotechnology Engineering Technologists and Technicians,4,nanotechnology-engineering-technologists-and-technicians,Y
11-9121,11-9121.00,Natural Sciences Managers,5,natural-sciences-managers,Y
29-1299,29-1299.01,Naturopathic Physicians,5,naturopathic-physicians,Y
15-1244,15-1244.00,Network and Computer Systems Administrators,4,network-and-computer-systems-administrators,Y
29-2099,29-2099.01,Neurodiagnostic Technologists,3,neurodiagnostic-technologists,Y
29-1217,29-1217.00,Neurologists,5,neurologists,Y
19-3039,19-3039.02,Neuropsychologists,5,neuropsychologists,Y
43-4141,43-4141.00,New Accounts Clerks,3,new-accounts-clerks,Y
27-3023,27-3023.00,"News Analysts, Reporters, and Journalists",4,news-analysts-reporters-and-journalists,Y
17-3029,17-3029.01,Non-Destructive Testing Specialists,2,non-destructive-testing-specialists,Y
17-2161,17-2161.00,Nuclear Engineers,4,nuclear-engineers,Y
29-2033,29-2033.00,Nuclear Medicine Technologists,3,nuclear-medicine-technologists,Y
19-4051,19-4051.02,Nuclear Monitoring Technicians,3,nuclear-monitoring-technicians,Y
51-8011,51-8011.00,Nuclear Power Reactor Operators,3,nuclear-power-reactor-operators,Y
19-4051,19-4051.00,Nuclear Technicians,3,nuclear-technicians,Y
29-1151,29-1151.00,Nurse Anesthetists,5,nurse-anesthetists,Y
29-1161,29-1161.00,Nurse Midwives,5,nurse-midwives,Y
29-1171,29-1171.00,Nurse Practitioners,5,nurse-practitioners,Y
31-1131,31-1131.00,Nursing Assistants,3,nursing-assistants,Y
25-1072,25-1072.00,"Nursing Instructors and Teachers, Postsecondary",5,nursing-instructors-and-teachers-postsecondary,Y
29-1218,29-1218.00,Obstetricians and Gynecologists,5,obstetricians-and-gynecologists,Y
19-5011,19-5011.00,Occupational Health and Safety Specialists,4,occupational-health-and-safety-specialists,Y
19-5012,19-5012.00,Occupational Health and Safety Technicians,3,occupational-health-and-safety-technicians,Y
29-1122,29-1122.00,Occupational Therapists,5,occupational-therapists,Y
31-2012,31-2012.00,Occupational Therapy Aides,3,occupational-therapy-aides,Y
31-2011,31-2011.00,Occupational Therapy Assistants,3,occupational-therapy-assistants,Y
43-9199,43-9199.00,"Office and Administrative Support Workers, All Other",,office-and-administrative-support-workers-all-other,
43-9061,43-9061.00,"Office Clerks, General",2,office-clerks-general,Y
43-9071,43-9071.00,"Office Machine Operators, Except Computer",2,office-machine-operators-except-computer,Y
13-1199,13-1199.06,Online Merchants,4,online-merchants,Y
47-2073,47-2073.00,Operating Engineers and Other Construction Equipment Operators,2,operating-engineers-and-other-construction-equipment-operators,Y
15-2031,15-2031.00,Operations Research Analysts,5,operations-research-analysts,Y
51-9083,51-9083.00,Ophthalmic Laboratory Technicians,2,ophthalmic-laboratory-technicians,Y
29-2057,29-2057.00,Ophthalmic Medical Technicians,3,ophthalmic-medical-technicians,Y
29-2099,29-2099.05,Ophthalmic Medical Technologists,3,ophthalmic-medical-technologists,Y
29-1241,29-1241.00,"Ophthalmologists, Except Pediatric",5,ophthalmologists-except-pediatric,Y
29-2081,29-2081.00,"Opticians, Dispensing",3,opticians-dispensing,Y
29-1041,29-1041.00,Optometrists,5,optometrists,Y
29-1022,29-1022.00,Oral and Maxillofacial Surgeons,5,oral-and-maxillofacial-surgeons,Y
43-4151,43-4151.00,Order Clerks,2,order-clerks,Y
31-1132,31-1132.00,Orderlies,2,orderlies,Y
29-1023,29-1023.00,Orthodontists,5,orthodontists,Y
29-1242,29-1242.00,"Orthopedic Surgeons, Except Pediatric",5,orthopedic-surgeons-except-pediatric,Y
29-1299,29-1299.02,Orthoptists,5,orthoptists,Y
29-2091,29-2091.00,Orthotists and Prosthetists,5,orthotists-and-prosthetists,Y
49-3053,49-3053.00,Outdoor Power Equipment and Other Small Engine Mechanics,2,outdoor-power-equipment-and-other-small-engine-mechanics,Y
51-9111,51-9111.00,Packaging and Filling Machine Operators and Tenders,2,packaging-and-filling-machine-operators-and-tenders,Y
53-7064,53-7064.00,"Packers and Packagers, Hand",2,packers-and-packagers-hand,Y
47-2141,47-2141.00,"Painters, Construction and Maintenance",2,painters-construction-and-maintenance,Y
51-9123,51-9123.00,"Painting, Coating, and Decorating Workers",1,painting-coating-and-decorating-workers,Y
51-9196,51-9196.00,"Paper Goods Machine Setters, Operators, and Tenders",2,paper-goods-machine-setters-operators-and-tenders,Y
47-2142,47-2142.00,Paperhangers,2,paperhangers,Y
23-2011,23-2011.00,Paralegals and Legal Assistants,3,paralegals-and-legal-assistants,Y
29-2043,29-2043.00,Paramedics,3,paramedics,Y
19-1031,19-1031.03,Park Naturalists,4,park-naturalists,Y
53-6021,53-6021.00,Parking Attendants,2,parking-attendants,Y
33-3041,33-3041.00,Parking Enforcement Workers,2,parking-enforcement-workers,Y
41-2022,41-2022.00,Parts Salespersons,2,parts-salespersons,Y
53-6061,53-6061.00,Passenger Attendants,2,passenger-attendants,Y
29-2099,29-2099.08,Patient Representatives,3,patient-representatives,Y
51-4062,51-4062.00,"Patternmakers, Metal and Plastic",3,patternmakers-metal-and-plastic,Y
51-7032,51-7032.00,"Patternmakers, Wood",3,patternmakers-wood,Y
47-2071,47-2071.00,"Paving, Surfacing, and Tamping Equipment Operators",2,paving-surfacing-and-tamping-equipment-operators,Y
43-3051,43-3051.00,Payroll and Timekeeping Clerks,3,payroll-and-timekeeping-clerks,Y
29-1243,29-1243.00,Pediatric Surgeons,5,pediatric-surgeons,Y
29-1221,29-1221.00,"Pediatricians, General",5,pediatricians-general,Y
15-1299,15-1299.04,Penetration Testers,4,penetration-testers,Y
31-1122,31-1122.00,Personal Care Aides,2,personal-care-aides,Y
39-9099,39-9099.00,"Personal Care and Service Workers, All Other",,personal-care-and-service-workers-all-other,
13-2052,13-2052.00,Personal Financial Advisors,4,personal-financial-advisors,Y
11-9179,11-9179.00,"Personal Service Managers, All Other",,personal-service-managers-all-other,
37-2021,37-2021.00,Pest Control Workers,2,pest-control-workers,Y
37-3012,37-3012.00,"Pesticide Handlers, Sprayers, and Applicators, Vegetation",2,pesticide-handlers-sprayers-and-applicators-vegetation,Y
17-2171,17-2171.00,Petroleum Engineers,4,petroleum-engineers,Y
51-8093,51-8093.00,"Petroleum Pump System Operators, Refinery Operators, and Gaugers",2,petroleum-pump-system-operators-refinery-operators-and-gaugers,Y
29-1051,29-1051.00,Pharmacists,5,pharmacists,Y
31-9095,31-9095.00,Pharmacy Aides,2,pharmacy-aides,Y
29-2052,29-2052.00,Pharmacy Technicians,3,pharmacy-technicians,Y
25-1126,25-1126.00,"Philosophy and Religion Teachers, Postsecondary",5,philosophy-and-religion-teachers-postsecondary,Y
31-9097,31-9097.00,Phlebotomists,3,phlebotomists,Y
27-4021,27-4021.00,Photographers,3,photographers,Y
51-9151,51-9151.00,Photographic Process Workers and Processing Machine Operators,2,photographic-process-workers-and-processing-machine-operators,Y
17-2199,17-2199.07,Photonics Engineers,4,photonics-engineers,Y
17-3029,17-3029.08,Photonics Technicians,3,photonics-technicians,Y
29-1229,29-1229.04,Physical Medicine and Rehabilitation Physicians,5,physical-medicine-and-rehabilitation-physicians,Y
19-2099,19-2099.00,"Physical Scientists, All Other",,physical-scientists-all-other,
31-2022,31-2022.00,Physical Therapist Aides,2,physical-therapist-aides,Y
31-2021,31-2021.00,Physical Therapist Assistants,3,physical-therapist-assistants,Y
29-1123,29-1123.00,Physical Therapists,5,physical-therapists,Y
29-1071,29-1071.00,Physician Assistants,5,physician-assistants,Y
29-1229,29-1229.00,"Physicians, All Other",,physicians-all-other,
29-1222,29-1222.00,"Physicians, Pathologists",5,physicians-pathologists,Y
19-2012,19-2012.00,Physicists,5,physicists,Y
25-1054,25-1054.00,"Physics Teachers, Postsecondary",5,physics-teachers-postsecondary,Y
47-2072,47-2072.00,Pile Driver Operators,2,pile-driver-operators,Y
47-2151,47-2151.00,Pipelayers,1,pipelayers,Y
51-8099,51-8099.00,"Plant and System Operators, All Other",,plant-and-system-operators-all-other,
47-2161,47-2161.00,Plasterers and Stucco Masons,1,plasterers-and-stucco-masons,Y
51-4193,51-4193.00,"Plating Machine Setters, Operators, and Tenders, Metal and Plastic",2,plating-machine-setters-operators-and-tenders-metal-and-plastic,Y
47-2152,47-2152.00,"Plumbers, Pipefitters, and Steamfitters",3,plumbers-pipefitters-and-steamfitters,Y
29-1081,29-1081.00,Podiatrists,5,podiatrists,Y
27-3043,27-3043.05,"Poets, Lyricists and Creative Writers",4,poets-lyricists-and-creative-writers,Y
33-3051,33-3051.00,Police and Sheriff's Patrol Officers,3,police-and-sheriff-s-patrol-officers,Y
33-3021,33-3021.02,Police Identification and Records Officers,3,police-identification-and-records-officers,Y
25-1065,25-1065.00,"Political Science Teachers, Postsecondary",5,political-science-teachers-postsecondary,Y
19-3094,19-3094.00,Political Scientists,5,political-scientists,Y
43-5051,43-5051.00,Postal Service Clerks,2,postal-service-clerks,Y
43-5052,43-5052.00,Postal Service Mail Carriers,2,postal-service-mail-carriers,Y
43-5053,43-5053.00,"Postal Service Mail Sorters, Processors, and Processing Machine Operators",2,postal-service-mail-sorters-processors-and-processing-machine-operators,Y
11-9131,11-9131.00,Postmasters and Mail Superintendents,2,postmasters-and-mail-superintendents,Y
25-1199,25-1199.00,"Postsecondary Teachers, All Other",,postsecondary-teachers-all-other,
51-9195,51-9195.05,"Potters, Manufacturing",3,potters-manufacturing,Y
51-4052,51-4052.00,"Pourers and Casters, Metal",2,pourers-and-casters-metal,Y
51-8012,51-8012.00,Power Distributors and Dispatchers,3,power-distributors-and-dispatchers,Y
51-8013,51-8013.00,Power Plant Operators,2,power-plant-operators,Y
19-4012,19-4012.01,Precision Agriculture Technicians,3,precision-agriculture-technicians,Y
49-9069,49-9069.00,"Precision Instrument and Equipment Repairers, All Other",,precision-instrument-and-equipment-repairers-all-other,
51-5111,51-5111.00,Prepress Technicians and Workers,3,prepress-technicians-and-workers,Y
25-2011,25-2011.00,"Preschool Teachers, Except Special Education",3,preschool-teachers-except-special-education,Y
51-6021,51-6021.00,"Pressers, Textile, Garment, and Related Materials",1,pressers-textile-garment-and-related-materials,Y
29-1229,29-1229.05,Preventive Medicine Physicians,5,preventive-medicine-physicians,Y
51-5113,51-5113.00,Print Binding and Finishing Workers,2,print-binding-and-finishing-workers,Y
51-5112,51-5112.00,Printing Press Operators,2,printing-press-operators,Y
33-9021,33-9021.00,Private Detectives and Investigators,3,private-detectives-and-investigators,Y
21-1092,21-1092.00,Probation Officers and Correctional Treatment Specialists,4,probation-officers-and-correctional-treatment-specialists,Y
43-3061,43-3061.00,Procurement Clerks,2,procurement-clerks,Y
27-2012,27-2012.00,Producers and Directors,4,producers-and-directors,Y
51-9199,51-9199.00,"Production Workers, All Other",,production-workers-all-other,
43-5061,43-5061.00,"Production, Planning, and Expediting Clerks",2,production-planning-and-expediting-clerks,Y
13-1082,13-1082.00,Project Management Specialists,4,project-management-specialists,Y
43-9081,43-9081.00,Proofreaders and Copy Markers,4,proofreaders-and-copy-markers,Y
11-9141,11-9141.00,"Property, Real Estate, and Community Association Managers",4,property-real-estate-and-community-association-managers,Y
29-1024,29-1024.00,Prosthodontists,5,prosthodontists,Y
33-9099,33-9099.00,"Protective Service Workers, All Other",,protective-service-workers-all-other,
31-1133,31-1133.00,Psychiatric Aides,2,psychiatric-aides,Y
29-2053,29-2053.00,Psychiatric Technicians,3,psychiatric-technicians,Y
29-1223,29-1223.00,Psychiatrists,5,psychiatrists,Y
19-3039,19-3039.00,"Psychologists, All Other",,psychologists-all-other,
25-1066,25-1066.00,"Psychology Teachers, Postsecondary",5,psychology-teachers-postsecondary,Y
11-2032,11-2032.00,Public Relations Managers,4,public-relations-managers,Y
27-3031,27-3031.00,Public Relations Specialists,4,public-relations-specialists,Y
43-5031,43-5031.00,Public Safety Telecommunicators,2,public-safety-telecommunicators,Y
53-7072,53-7072.00,"Pump Operators, Except Wellhead Pumpers",2,pump-operators-except-wellhead-pumpers,Y
13-1023,13-1023.00,"Purchasing Agents, Except Wholesale, Retail, and Farm Products",4,purchasing-agents-except-wholesale-retail-and-farm-products,Y
11-3061,11-3061.00,Purchasing Managers,4,purchasing-managers,Y
19-4099,19-4099.01,Quality Control Analysts,3,quality-control-analysts,Y
11-3051,11-3051.01,Quality Control Systems Managers,4,quality-control-systems-managers,Y
29-1124,29-1124.00,Radiation Therapists,3,radiation-therapists,Y
17-2072,17-2072.01,Radio Frequency Identification Device Specialists,4,radio-frequency-identification-device-specialists,Y
49-2021,49-2021.00,"Radio, Cellular, and Tower Equipment Installers and Repairers",3,radio-cellular-and-tower-equipment-installers-and-repairers,Y
29-2034,29-2034.00,Radiologic Technologists and Technicians,3,radiologic-technologists-and-technicians,Y
29-1224,29-1224.00,Radiologists,5,radiologists,Y
49-3043,49-3043.00,Rail Car Repairers,2,rail-car-repairers,Y
53-4099,53-4099.00,"Rail Transportation Workers, All Other",,rail-transportation-workers-all-other,
53-4013,53-4013.00,"Rail Yard Engineers, Dinkey Operators, and Hostlers",2,rail-yard-engineers-dinkey-operators-and-hostlers,Y
47-4061,47-4061.00,Rail-Track Laying and Maintenance Equipment Operators,2,rail-track-laying-and-maintenance-equipment-operators,Y
53-4022,53-4022.00,"Railroad Brake, Signal, and Switch Operators and Locomotive Firers",2,railroad-brake-signal-and-switch-operators-and-locomotive-firers,Y
53-4031,53-4031.00,Railroad Conductors and Yardmasters,2,railroad-conductors-and-yardmasters,Y
19-1031,19-1031.02,Range Managers,4,range-managers,Y
41-9021,41-9021.00,Real Estate Brokers,4,real-estate-brokers,Y
41-9022,41-9022.00,Real Estate Sales Agents,3,real-estate-sales-agents,Y
43-4171,43-4171.00,Receptionists and Information Clerks,2,receptionists-and-information-clerks,Y
25-1193,25-1193.00,"Recreation and Fitness Studies Teachers, Postsecondary",5,recreation-and-fitness-studies-teachers-postsecondary,Y
39-9032,39-9032.00,Recreation Workers,4,recreation-workers,Y
29-1125,29-1125.00,Recreational Therapists,4,recreational-therapists,Y
49-3092,49-3092.00,Recreational Vehicle Service Technicians,2,recreational-vehicle-service-technicians,Y
53-7062,53-7062.04,Recycling and Reclamation Workers,2,recycling-and-reclamation-workers,Y
53-1042,53-1042.01,Recycling Coordinators,2,recycling-coordinators,Y
49-9045,49-9045.00,"Refractory Materials Repairers, Except Brickmasons",2,refractory-materials-repairers-except-brickmasons,Y
53-7081,53-7081.00,Refuse and Recyclable Material Collectors,2,refuse-and-recyclable-material-collectors,Y
29-1141,29-1141.00,Registered Nurses,4,registered-nurses,Y
11-9199,11-9199.01,Regulatory Affairs Managers,4,regulatory-affairs-managers,Y
13-1041,13-1041.07,Regulatory Affairs Specialists,4,regulatory-affairs-specialists,Y
21-1015,21-1015.00,Rehabilitation Counselors,4,rehabilitation-counselors,Y
47-2171,47-2171.00,Reinforcing Iron and Rebar Workers,2,reinforcing-iron-and-rebar-workers,Y
21-2099,21-2099.00,"Religious Workers, All Other",,religious-workers-all-other,
19-2099,19-2099.01,Remote Sensing Scientists and Technologists,4,remote-sensing-scientists-and-technologists,Y
19-4099,19-4099.03,Remote Sensing Technicians,4,remote-sensing-technicians,Y
43-4181,43-4181.00,Reservation and Transportation Ticket Agents and Travel Clerks,2,reservation-and-transportation-ticket-agents-and-travel-clerks,Y
39-9041,39-9041.00,Residential Advisors,3,residential-advisors,Y
29-1126,29-1126.00,Respiratory Therapists,3,respiratory-therapists,Y
33-9099,33-9099.02,Retail Loss Prevention Specialists,2,retail-loss-prevention-specialists,Y
41-2031,41-2031.00,Retail Salespersons,2,retail-salespersons,Y
49-9096,49-9096.00,Riggers,2,riggers,Y
17-2199,17-2199.08,Robotics Engineers,4,robotics-engineers,Y
17-3024,17-3024.01,Robotics Technicians,3,robotics-technicians,Y
47-5051,47-5051.00,"Rock Splitters, Quarry",1,rock-splitters-quarry,Y
51-4023,51-4023.00,"Rolling Machine Setters, Operators, and Tenders, Metal and Plastic",2,rolling-machine-setters-operators-and-tenders-metal-and-plastic,Y
47-5043,47-5043.00,"Roof Bolters, Mining",2,roof-bolters-mining,Y
47-2181,47-2181.00,Roofers,2,roofers,Y
47-5012,47-5012.00,"Rotary Drill Operators, Oil and Gas",2,rotary-drill-operators-oil-and-gas,Y
47-5071,47-5071.00,"Roustabouts, Oil and Gas",1,roustabouts-oil-and-gas,Y
53-5011,53-5011.00,Sailors and Marine Oilers,2,sailors-and-marine-oilers,Y
41-9099,41-9099.00,"Sales and Related Workers, All Other",,sales-and-related-workers-all-other,
41-9031,41-9031.00,Sales Engineers,4,sales-engineers,Y
11-2022,11-2022.00,Sales Managers,4,sales-managers,Y
41-3091,41-3091.00,"Sales Representatives of Services, Except Advertising, Insurance, Financial Services, and Travel",2,sales-representatives-of-services-except-advertising-insurance-financial-services-and-travel,Y
41-4012,41-4012.00,"Sales Representatives, Wholesale and Manufacturing, Except Technical and Scientific Products",4,sales-representatives-wholesale-and-manufacturing-except-technical-and-scientific-products,Y
41-4011,41-4011.00,"Sales Representatives, Wholesale and Manufacturing, Technical and Scientific Products",4,sales-representatives-wholesale-and-manufacturing-technical-and-scientific-products,Y
51-7041,51-7041.00,"Sawing Machine Setters, Operators, and Tenders, Wood",2,sawing-machine-setters-operators-and-tenders-wood,Y
33-9094,33-9094.00,School Bus Monitors,2,school-bus-monitors,Y
19-3034,19-3034.00,School Psychologists,5,school-psychologists,Y
13-1161,13-1161.01,Search Marketing Strategists,4,search-marketing-strategists,Y
25-2031,25-2031.00,"Secondary School Teachers, Except Special and Career/Technical Education",4,secondary-school-teachers-except-special-and-career-technical-education,Y
43-6014,43-6014.00,"Secretaries and Administrative Assistants, Except Legal, Medical, and Executive",2,secretaries-and-administrative-assistants-except-legal-medical-and-executive,Y
41-3031,41-3031.00,"Securities, Commodities, and Financial Services Sales Agents",4,securities-commodities-and-financial-services-sales-agents,Y
49-2098,49-2098.00,Security and Fire Alarm Systems Installers,3,security-and-fire-alarm-systems-installers,Y
33-9032,33-9032.00,Security Guards,2,security-guards,Y
13-1199,13-1199.07,Security Management Specialists,4,security-management-specialists,Y
11-3013,11-3013.01,Security Managers,4,security-managers,Y
47-4091,47-4091.00,Segmental Pavers,2,segmental-pavers,Y
25-3021,25-3021.00,Self-Enrichment Teachers,3,self-enrichment-teachers,Y
51-9141,51-9141.00,Semiconductor Processing Technicians,2,semiconductor-processing-technicians,Y
51-9012,51-9012.00,"Separating, Filtering, Clarifying, Precipitating, and Still Machine Setters, Operators, and Tenders",2,separating-filtering-clarifying-precipitating-and-still-machine-setters-operators-and-tenders,Y
47-4071,47-4071.00,Septic Tank Servicers and Sewer Pipe Cleaners,1,septic-tank-servicers-and-sewer-pipe-cleaners,Y
47-5013,47-5013.00,"Service Unit Operators, Oil and Gas",2,service-unit-operators-oil-and-gas,Y
27-1027,27-1027.00,Set and Exhibit Designers,5,set-and-exhibit-designers,Y
51-6051,51-6051.00,"Sewers, Hand",1,sewers-hand,Y
51-6031,51-6031.00,Sewing Machine Operators,1,sewing-machine-operators,Y
39-5093,39-5093.00,Shampooers,2,shampooers,Y
47-2211,47-2211.00,Sheet Metal Workers,2,sheet-metal-workers,Y
53-5031,53-5031.00,Ship Engineers,3,ship-engineers,Y
43-5071,43-5071.00,"Shipping, Receiving, and Inventory Clerks",2,shipping-receiving-and-inventory-clerks,Y
51-6041,51-6041.00,Shoe and Leather Workers and Repairers,2,shoe-and-leather-workers-and-repairers,Y
51-6042,51-6042.00,Shoe Machine Operators and Tenders,2,shoe-machine-operators-and-tenders,Y
53-3053,53-3053.00,Shuttle Drivers and Chauffeurs,2,shuttle-drivers-and-chauffeurs,Y
49-9097,49-9097.00,Signal and Track Switch Repairers,3,signal-and-track-switch-repairers,Y
39-5094,39-5094.00,Skincare Specialists,3,skincare-specialists,Y
51-3023,51-3023.00,Slaughterers and Meat Packers,2,slaughterers-and-meat-packers,Y
11-9151,11-9151.00,Social and Community Service Managers,4,social-and-community-service-managers,Y
21-1093,21-1093.00,Social and Human Service Assistants,4,social-and-human-service-assistants,Y
19-4061,19-4061.00,Social Science Research Assistants,4,social-science-research-assistants,Y
25-1069,25-1069.00,"Social Sciences Teachers, Postsecondary, All Other",,social-sciences-teachers-postsecondary-all-other,
19-3099,19-3099.00,"Social Scientists and Related Workers, All Other",,social-scientists-and-related-workers-all-other,
25-1113,25-1113.00,"Social Work Teachers, Postsecondary",5,social-work-teachers-postsecondary,Y
21-1029,21-1029.00,"Social Workers, All Other",,social-workers-all-other,
19-3041,19-3041.00,Sociologists,5,sociologists,Y
25-1067,25-1067.00,"Sociology Teachers, Postsecondary",5,sociology-teachers-postsecondary,Y
15-1252,15-1252.00,Software Developers,4,software-developers,Y
15-1253,15-1253.00,Software Quality Assurance Analysts and Testers,4,software-quality-assurance-analysts-and-testers,Y
19-1013,19-1013.00,Soil and Plant Scientists,5,soil-and-plant-scientists,Y
47-1011,47-1011.03,Solar Energy Installation Managers,3,solar-energy-installation-managers,Y
17-2199,17-2199.11,Solar Energy Systems Engineers,4,solar-energy-systems-engineers,Y
47-2231,47-2231.00,Solar Photovoltaic Installers,2,solar-photovoltaic-installers,Y
41-4011,41-4011.07,Solar Sales Representatives and Assessors,3,solar-sales-representatives-and-assessors,Y
47-2152,47-2152.04,Solar Thermal Installers and Technicians,3,solar-thermal-installers-and-technicians,Y
27-4014,27-4014.00,Sound Engineering Technicians,3,sound-engineering-technicians,Y
11-9179,11-9179.02,Spa Managers,3,spa-managers,Y
25-2059,25-2059.00,"Special Education Teachers, All Other",,special-education-teachers-all-other,
25-2056,25-2056.00,"Special Education Teachers, Elementary School",4,special-education-teachers-elementary-school,Y
25-2055,25-2055.00,"Special Education Teachers, Kindergarten",4,special-education-teachers-kindergarten,Y
25-2057,25-2057.00,"Special Education Teachers, Middle School",4,special-education-teachers-middle-school,Y
25-2051,25-2051.00,"Special Education Teachers, Preschool",5,special-education-teachers-preschool,Y
25-2058,25-2058.00,"Special Education Teachers, Secondary School",4,special-education-teachers-secondary-school,Y
27-1014,27-1014.00,Special Effects Artists and Animators,4,special-effects-artists-and-animators,Y
55-3018,55-3018.00,Special Forces,,special-forces,
55-1017,55-1017.00,Special Forces Officers,,special-forces-officers,
29-1127,29-1127.00,Speech-Language Pathologists,5,speech-language-pathologists,Y
31-9099,31-9099.01,Speech-Language Pathology Assistants,3,speech-language-pathology-assistants,Y
29-1229,29-1229.06,Sports Medicine Physicians,5,sports-medicine-physicians,Y
51-8021,51-8021.00,Stationary Engineers and Boiler Operators,3,stationary-engineers-and-boiler-operators,Y
43-9111,43-9111.00,Statistical Assistants,4,statistical-assistants,Y
15-2041,15-2041.00,Statisticians,5,statisticians,Y
53-7065,53-7065.00,Stockers and Order Fillers,2,stockers-and-order-fillers,Y
51-9195,51-9195.03,"Stone Cutters and Carvers, Manufacturing",2,stone-cutters-and-carvers-manufacturing,Y
47-2022,47-2022.00,Stonemasons,2,stonemasons,Y
47-2221,47-2221.00,Structural Iron and Steel Workers,2,structural-iron-and-steel-workers,Y
51-2041,51-2041.00,Structural Metal Fabricators and Fitters,2,structural-metal-fabricators-and-fitters,Y
21-1011,21-1011.00,Substance Abuse and Behavioral Disorder Counselors,5,substance-abuse-and-behavioral-disorder-counselors,Y
25-3031,25-3031.00,"Substitute Teachers, Short-Term",4,substitute-teachers-short-term,Y
53-4041,53-4041.00,Subway and Streetcar Operators,2,subway-and-streetcar-operators,Y
11-3071,11-3071.04,Supply Chain Managers,4,supply-chain-managers,Y
29-1249,29-1249.00,"Surgeons, All Other",,surgeons-all-other,
29-9093,29-9093.00,Surgical Assistants,3,surgical-assistants,Y
29-2055,29-2055.00,Surgical Technologists,3,surgical-technologists,Y
19-3022,19-3022.00,Survey Researchers,5,survey-researchers,Y
17-3031,17-3031.00,Surveying and Mapping Technicians,3,surveying-and-mapping-technicians,Y
17-1022,17-1022.00,Surveyors,4,surveyors,Y
13-1199,13-1199.05,Sustainability Specialists,4,sustainability-specialists,Y
43-2011,43-2011.00,"Switchboard Operators, Including Answering Service",2,switchboard-operators-including-answering-service,Y
51-6052,51-6052.00,"Tailors, Dressmakers, and Custom Sewers",2,tailors-dressmakers-and-custom-sewers,Y
27-2012,27-2012.04,Talent Directors,4,talent-directors,Y
53-7121,53-7121.00,"Tank Car, Truck, and Ship Loaders",2,tank-car-truck-and-ship-loaders,Y
47-2082,47-2082.00,Tapers,2,tapers,Y
13-2081,13-2081.00,"Tax Examiners and Collectors, and Revenue Agents",3,tax-examiners-and-collectors-and-revenue-agents,Y
13-2082,13-2082.00,Tax Preparers,3,tax-preparers,Y
53-3054,53-3054.00,Taxi Drivers,2,taxi-drivers,Y
25-3099,25-3099.00,"Teachers and Instructors, All Other",,teachers-and-instructors-all-other,
25-9049,25-9049.00,"Teaching Assistants, All Other",,teaching-assistants-all-other,
25-9044,25-9044.00,"Teaching Assistants, Postsecondary",5,teaching-assistants-postsecondary,Y
25-9042,25-9042.00,"Teaching Assistants, Preschool, Elementary, Middle, and Secondary School, Except Special Education",3,teaching-assistants-preschool-elementary-middle-and-secondary-school-except-special-education,Y
25-9043,25-9043.00,"Teaching Assistants, Special Education",3,teaching-assistants-special-education,Y
51-2092,51-2092.00,Team Assemblers,2,team-assemblers,Y
27-3042,27-3042.00,Technical Writers,4,technical-writers,Y
15-1241,15-1241.01,Telecommunications Engineering Specialists,3,telecommunications-engineering-specialists,Y
49-2022,49-2022.00,"Telecommunications Equipment Installers and Repairers, Except Line Installers",3,telecommunications-equipment-installers-and-repairers-except-line-installers,Y
49-9052,49-9052.00,Telecommunications Line Installers and Repairers,2,telecommunications-line-installers-and-repairers,Y
41-9041,41-9041.00,Telemarketers,2,telemarketers,Y
43-2021,43-2021.00,Telephone Operators,2,telephone-operators,Y
43-3071,43-3071.00,Tellers,2,tellers,Y
47-2053,47-2053.00,Terrazzo Workers and Finishers,2,terrazzo-workers-and-finishers,Y
51-6061,51-6061.00,Textile Bleaching and Dyeing Machine Operators and Tenders,2,textile-bleaching-and-dyeing-machine-operators-and-tenders,Y
51-6062,51-6062.00,"Textile Cutting Machine Setters, Operators, and Tenders",2,textile-cutting-machine-setters-operators-and-tenders,Y
51-6063,51-6063.00,"Textile Knitting and Weaving Machine Setters, Operators, and Tenders",2,textile-knitting-and-weaving-machine-setters-operators-and-tenders,Y
51-6064,51-6064.00,"Textile Winding, Twisting, and Drawing Out Machine Setters, Operators, and Tenders",2,textile-winding-twisting-and-drawing-out-machine-setters-operators-and-tenders,Y
51-6099,51-6099.00,"Textile, Apparel, and Furnishings Workers, All Other",,textile-apparel-and-furnishings-workers-all-other,
29-1129,29-1129.00,"Therapists, All Other",,therapists-all-other,
47-2044,47-2044.00,Tile and Stone Setters,2,tile-and-stone-setters,Y
51-2061,51-2061.00,Timing Device Assemblers and Adjusters,2,timing-device-assemblers-and-adjusters,Y
51-9197,51-9197.00,Tire Builders,2,tire-builders,Y
49-3093,49-3093.00,Tire Repairers and Changers,2,tire-repairers-and-changers,Y
23-2093,23-2093.00,"Title Examiners, Abstractors, and Searchers",2,title-examiners-abstractors-and-searchers,Y
51-4111,51-4111.00,Tool and Die Makers,3,tool-and-die-makers,Y
51-4194,51-4194.00,"Tool Grinders, Filers, and Sharpeners",2,tool-grinders-filers-and-sharpeners,Y
39-7011,39-7011.00,Tour Guides and Escorts,3,tour-guides-and-escorts,Y
53-6041,53-6041.00,Traffic Technicians,3,traffic-technicians,Y
11-3131,11-3131.00,Training and Development Managers,4,training-and-development-managers,Y
13-1151,13-1151.00,Training and Development Specialists,4,training-and-development-specialists,Y
33-3052,33-3052.00,Transit and Railroad Police,3,transit-and-railroad-police,Y
17-2051,17-2051.01,Transportation Engineers,4,transportation-engineers,Y
53-6051,53-6051.00,Transportation Inspectors,4,transportation-inspectors,Y
19-3099,19-3099.01,Transportation Planners,4,transportation-planners,Y
33-9093,33-9093.00,Transportation Security Screeners,2,transportation-security-screeners,Y
53-6051,53-6051.07,"Transportation Vehicle, Equipment and Systems Inspectors, Except Aviation",2,transportation-vehicle-equipment-and-systems-inspectors-except-aviation,Y
53-6099,53-6099.00,"Transportation Workers, All Other",,transportation-workers-all-other,
11-3071,11-3071.00,"Transportation, Storage, and Distribution Managers",4,transportation-storage-and-distribution-managers,Y
41-3041,41-3041.00,Travel Agents,3,travel-agents,Y
39-7012,39-7012.00,Travel Guides,2,travel-guides,Y
11-3031,11-3031.01,Treasurers and Controllers,4,treasurers-and-controllers,Y
37-3013,37-3013.00,Tree Trimmers and Pruners,2,tree-trimmers-and-pruners,Y
25-3041,25-3041.00,Tutors,3,tutors,Y
27-2023,27-2023.00,"Umpires, Referees, and Other Sports Officials",2,umpires-referees-and-other-sports-officials,Y
47-5049,47-5049.00,"Underground Mining Machine Operators, All Other",,underground-mining-machine-operators-all-other,
51-6093,51-6093.00,Upholsterers,2,upholsterers,Y
19-3051,19-3051.00,Urban and Regional Planners,5,urban-and-regional-planners,Y
29-1229,29-1229.03,Urologists,5,urologists,Y
39-3031,39-3031.00,"Ushers, Lobby Attendants, and Ticket Takers",2,ushers-lobby-attendants-and-ticket-takers,Y
17-2112,17-2112.02,Validation Engineers,4,validation-engineers,Y
29-1131,29-1131.00,Veterinarians,5,veterinarians,Y
31-9096,31-9096.00,Veterinary Assistants and Laboratory Animal Caretakers,2,veterinary-assistants-and-laboratory-animal-caretakers,Y
29-2056,29-2056.00,Veterinary Technologists and Technicians,3,veterinary-technologists-and-technicians,Y
15-1255,15-1255.01,Video Game Designers,4,video-game-designers,Y
35-3031,35-3031.00,Waiters and Waitresses,2,waiters-and-waitresses,Y
49-9064,49-9064.00,Watch and Clock Repairers,3,watch-and-clock-repairers,Y
51-8031,51-8031.00,Water and Wastewater Treatment Plant and System Operators,2,water-and-wastewater-treatment-plant-and-system-operators,Y
11-9121,11-9121.02,Water Resource Specialists,4,water-resource-specialists,Y
17-2051,17-2051.02,Water/Wastewater Engineers,4,water-wastewater-engineers,Y
47-4099,47-4099.03,Weatherization Installers and Technicians,2,weatherization-installers-and-technicians,Y
15-1299,15-1299.01,Web Administrators,4,web-administrators,Y
15-1255,15-1255.00,Web and Digital Interface Designers,4,web-and-digital-interface-designers,Y
15-1254,15-1254.00,Web Developers,3,web-developers,Y
43-5111,43-5111.00,"Weighers, Measurers, Checkers, and Samplers, Recordkeeping",2,weighers-measurers-checkers-and-samplers-recordkeeping,Y
51-4121,51-4121.00,"Welders, Cutters, Solderers, and Brazers",2,welders-cutters-solderers-and-brazers,Y
51-4122,51-4122.00,"Welding, Soldering, and Brazing Machine Setters, Operators, and Tenders",2,welding-soldering-and-brazing-machine-setters-operators-and-tenders,Y
53-7073,53-7073.00,Wellhead Pumpers,2,wellhead-pumpers,Y
13-1022,13-1022.00,"Wholesale and Retail Buyers, Except Farm Products",3,wholesale-and-retail-buyers-except-farm-products,Y
11-9199,11-9199.10,Wind Energy Development Managers,4,wind-energy-development-managers,Y
17-2199,17-2199.10,Wind Energy Engineers,4,wind-energy-engineers,Y
11-9199,11-9199.09,Wind Energy Operations Managers,3,wind-energy-operations-managers,Y
49-9081,49-9081.00,Wind Turbine Service Technicians,3,wind-turbine-service-technicians,Y
51-7099,51-7099.00,"Woodworkers, All Other",,woodworkers-all-other,
51-7042,51-7042.00,"Woodworking Machine Setters, Operators, and Tenders, Except Sawing",2,woodworking-machine-setters-operators-and-tenders-except-sawing,Y
43-9022,43-9022.00,Word Processors and Typists,2,word-processors-and-typists,Y
27-3043,27-3043.00,Writers and Authors,4,writers-and-authors,Y
19-1023,19-1023.00,Zoologists and Wildlife Biologists,4,zoologists-and-wildlife-biologists,Y
